طابع زمني,   ما هو معدلك التوجيهي ؟,   ما هو تخصصك الجامعي الحالي؟  (عربي فقط),"   ما مدى اهتمامك بالتكنولوجيا (عندما اخترت تخصصك)  ؟
(1= ضعيف جدا )/ (5 = عالي جدا)","  ما مدى اهتمامك بالمجال الصحي والطبي (عندما اخترت تخصصك)
(1= ضعيف جدا )/ (5 = عالي جدا)","  ما مدى اهتمامك بمجال الأعمال والإدارة (عندما اخترت تخصصك) ؟
(1= ضعيف جدا ) / (5 = عالي جدا)","  ما مدى اهتمامك بالمجالات الفنية والإبداعية  (عندما اخترت تخصصك) ؟   
(1= ضعيف جدا) / (5 = عالي جدا)","   أي وصف يعبّر أكثر عن أسلوب تفكيرك (عندما اخترت تخصصك)
",كيف بتشوف شخصيتك كانت  (عندما اخترت تخصصك) ؟,  أي نوع دراسة تفضّل؟ ,  ما أسلوب العمل الذي تفضّله؟  ,"   ما مدى رضاك عن تخصصك الجامعي الحالي؟  راضٍ جدًا / راضٍ / محايد /غير راضٍ
(1=راض جدا) / (4 = غير راض) ",هل لو كان عندك نظام ذكي يرشدك قبل الجامعة، هل كان ممكن يغيّر اختيارك للتخصص؟ 
11:42:46 م 2026/01/02,2,تكنولوجيا معلومات الاعمال,3,4,2,1,تفكير منطقي,اجتماعي (بتحب تختلط بالناس بكثرة ),دراسة فيها عملي (تطبيق),العمل الجماعي (ضمن فريق),1,نعم
2:46:34 م 2026/01/03,3,علم بيانات وذكاء اصطناعي ,3,2,4,1,تفكير تحليلي,اجتماعي (بتحب تختلط بالناس بكثرة ),مزيج بين النظري والعملي,الاثنين معا,2,لا
12:28:31 ص 2026/01/03,59,برمجة تطبيقية,5,1,4,4,تفكير تحليلي,منطوي (ما بتحب كثير تختلط بالناس),مزيج بين النظري والعملي,الاثنين معا,4,لا
2:34:53 م 2026/01/03,60,تسويق الكتروني ,4,2,3,5,تفكير منطقي,اجتماعي (بتحب تختلط بالناس بكثرة ),مزيج بين النظري والعملي,الاثنين معا,1,لا
9:18:03 م 2026/01/03,61,نظم المعلومات المحاسبية ,4,3,5,5,تفكير منطقي,اجتماعي (بتحب تختلط بالناس بكثرة ),دراسة فيها عملي (تطبيق),الاثنين معا,2,نعم
6:19:17 م 2026/01/03,62,تجارة الكترونيه,4,1,4,4,تفكير منطقي,اجتماعي (بتحب تختلط بالناس بكثرة ),مزيج بين النظري والعملي,العمل الجماعي (ضمن فريق),2,نعم
4:03:29 م 2026/01/03,63,تربية خاصة,3,3,3,3,تفكير منطقي,منطوي (ما بتحب كثير تختلط بالناس),نظري,العمل الفردي,2,نعم
4:34:09 م 2026/01/03,63,الاداره السياحيه ,3,2,3,4,تفكير تحليلي,اجتماعي (بتحب تختلط بالناس بكثرة ),مزيج بين النظري والعملي,العمل الجماعي (ضمن فريق),4,نعم
7:47:30 م 2026/01/03,64,Ai,3,1,3,2,تفكير تحليلي,اجتماعي (بتحب تختلط بالناس بكثرة ),مزيج بين النظري والعملي,الاثنين معا,2,نعم
6:59:14 م 2025/12/31,65,علم بيانات وذكاء اصطناعي ,3,5,5,5,تفكير تحليلي,اجتماعي (بتحب تختلط بالناس بكثرة ),مزيج بين النظري والعملي,العمل الجماعي (ضمن فريق),3,نعم
11:10:25 م 2026/01/02,65,إنجليزي تطبيقي ,2,2,3,3,تفكير منطقي,اجتماعي (بتحب تختلط بالناس بكثرة ),مزيج بين النظري والعملي,الاثنين معا,2,لا
1:21:54 م 2026/01/03,65,علوم حياتية ,3,5,3,4,تفكير منطقي,منطوي (ما بتحب كثير تختلط بالناس),مزيج بين النظري والعملي,العمل الجماعي (ضمن فريق),2,نعم
1:59:27 م 2026/01/03,65,علوم حاسوب,5,1,1,1,تفكير منطقي,اجتماعي (بتحب تختلط بالناس بكثرة ),دراسة فيها عملي (تطبيق),الاثنين معا,1,لا
3:01:47 م 2026/01/03,65,نظم معلومات حاسوبية,5,5,3,3,تفكير تحليلي,اجتماعي (بتحب تختلط بالناس بكثرة ),مزيج بين النظري والعملي,الاثنين معا,1,نعم
9:08:18 م 2026/01/03,65,صيدله ,3,5,2,5,تفكير تحليلي,منطوي (ما بتحب كثير تختلط بالناس),مزيج بين النظري والعملي,العمل الجماعي (ضمن فريق),2,نعم
12:01:09 ص 2026/01/03,65٫8,علم حاسوب ,4,3,1,1,تفكير منطقي,اجتماعي (بتحب تختلط بالناس بكثرة ),دراسة فيها عملي (تطبيق),الاثنين معا,3,لا
1:21:58 م 2026/01/03,66,تربيه خاصه ,1,3,1,4,تفكير تحليلي,منطوي (ما بتحب كثير تختلط بالناس),مزيج بين النظري والعملي,الاثنين معا,1,لا
2:40:12 م 2026/01/03,66,علم البيانات والذكاء الاصطناعي ,3,1,1,1,تفكير منطقي,اجتماعي (بتحب تختلط بالناس بكثرة ),مزيج بين النظري والعملي,العمل الفردي,3,نعم
3:59:29 م 2026/01/03,66,تربية طفولة مبكرة ,2,3,1,2,تفكير منطقي,اجتماعي (بتحب تختلط بالناس بكثرة ),دراسة فيها عملي (تطبيق),العمل الجماعي (ضمن فريق),1,لا
5:25:49 م 2026/01/03,66,امن سيبراني,3,1,1,1,تفكير منطقي,منطوي (ما بتحب كثير تختلط بالناس),دراسة فيها عملي (تطبيق),الاثنين معا,1,نعم
2:19:53 م 2026/01/03,67,هندسة كهرباء ,5,3,3,3,تفكير منطقي,اجتماعي (بتحب تختلط بالناس بكثرة ),مزيج بين النظري والعملي,الاثنين معا,1,لا
3:10:36 م 2026/01/03,67,علم الحاسوب,4,1,4,5,تفكير منطقي,منطوي (ما بتحب كثير تختلط بالناس),مزيج بين النظري والعملي,العمل الفردي,2,لا
12:26:31 ص 2026/01/03,68,امن معلومات وادله رقميه,3,1,1,1,تفكير منطقي,منطوي (ما بتحب كثير تختلط بالناس),نظري,الاثنين معا,3,لا
6:30:03 ص 2026/01/03,68,أمن سيبراني ,5,1,1,1,تفكير تحليلي,منطوي (ما بتحب كثير تختلط بالناس),دراسة فيها عملي (تطبيق),العمل الفردي,1,لا
12:29:47 م 2026/01/03,68,كيمياء ,2,2,2,2,تفكير منطقي,اجتماعي (بتحب تختلط بالناس بكثرة ),مزيج بين النظري والعملي,الاثنين معا,2,نعم
11:27:09 ص 2026/01/03,69,تصميم ازياء,3,3,4,5,تفكير تحليلي,منطوي (ما بتحب كثير تختلط بالناس),دراسة فيها عملي (تطبيق),العمل الفردي,3,لا
9:54:08 م 2026/01/02,70,نظم معلومات صحيه ,3,5,5,1,تفكير منطقي,اجتماعي (بتحب تختلط بالناس بكثرة ),دراسة فيها عملي (تطبيق),الاثنين معا,3,نعم
11:24:03 م 2026/01/02,70,علم الحاسوب,5,1,1,1,تفكير منطقي,منطوي (ما بتحب كثير تختلط بالناس),مزيج بين النظري والعملي,الاثنين معا,1,لا
11:46:24 م 2026/01/02,70,انظمه معلومات حاسوبيه,5,3,4,5,تفكير منطقي,منطوي (ما بتحب كثير تختلط بالناس),مزيج بين النظري والعملي,الاثنين معا,3,لا
11:56:15 م 2026/01/02,70,تكنولوجيا معلومات الاعمال,2,4,1,2,تفكير منطقي,اجتماعي (بتحب تختلط بالناس بكثرة ),مزيج بين النظري والعملي,الاثنين معا,2,نعم
12:03:09 ص 2026/01/03,70,امن سبراني,5,3,3,3,تفكير تحليلي,اجتماعي (بتحب تختلط بالناس بكثرة ),مزيج بين النظري والعملي,الاثنين معا,1,لا
12:26:53 ص 2026/01/03,70,Bit,2,1,1,1,تفكير منطقي,منطوي (ما بتحب كثير تختلط بالناس),مزيج بين النظري والعملي,الاثنين معا,2,نعم
11:47:08 ص 2026/01/03,70,سياحة واثار,5,3,2,2,تفكير تحليلي,اجتماعي (بتحب تختلط بالناس بكثرة ),مزيج بين النظري والعملي,الاثنين معا,2,نعم
12:04:11 م 2026/01/03,70,امن سيبراني ,5,1,1,1,تفكير منطقي,منطوي (ما بتحب كثير تختلط بالناس),نظري,الاثنين معا,1,نعم
12:12:51 م 2026/01/03,70,تكنولوجيا حيويه,5,4,3,5,تفكير تحليلي,اجتماعي (بتحب تختلط بالناس بكثرة ),مزيج بين النظري والعملي,الاثنين معا,2,نعم
1:02:57 م 2026/01/03,70,تكنولوجيا حيوية ,5,5,1,3,تفكير تحليلي,اجتماعي (بتحب تختلط بالناس بكثرة ),مزيج بين النظري والعملي,العمل الجماعي (ضمن فريق),1,لا
1:24:35 م 2026/01/03,70,التربية الخاصة ,4,4,2,2,تفكير منطقي,اجتماعي (بتحب تختلط بالناس بكثرة ),مزيج بين النظري والعملي,الاثنين معا,1,نعم
1:32:47 م 2026/01/03,70,محاسبه وقانون تجاري ,4,2,5,3,تفكير منطقي,اجتماعي (بتحب تختلط بالناس بكثرة ),مزيج بين النظري والعملي,الاثنين معا,1,نعم
1:46:50 م 2026/01/03,70,تمريض ,5,4,4,4,تفكير منطقي,اجتماعي (بتحب تختلط بالناس بكثرة ),مزيج بين النظري والعملي,العمل الفردي,3,نعم
1:51:54 م 2026/01/03,70,علم بيانات و ذكاء اصطناعي ,2,1,2,1,تفكير منطقي,اجتماعي (بتحب تختلط بالناس بكثرة ),مزيج بين النظري والعملي,الاثنين معا,4,نعم
1:57:09 م 2026/01/03,70,كيمياء,3,4,1,3,تفكير تحليلي,منطوي (ما بتحب كثير تختلط بالناس),مزيج بين النظري والعملي,الاثنين معا,4,نعم
2:03:04 م 2026/01/03,70,عمل اجتماعي,4,2,1,1,تفكير منطقي,اجتماعي (بتحب تختلط بالناس بكثرة ),دراسة فيها عملي (تطبيق),العمل الجماعي (ضمن فريق),3,نعم
2:30:10 م 2026/01/03,70,علم حاسوب ,5,1,1,1,تفكير تحليلي,اجتماعي (بتحب تختلط بالناس بكثرة ),مزيج بين النظري والعملي,الاثنين معا,4,لا
2:38:36 م 2026/01/03,70,ذكاء اصطناعي,3,5,1,1,تفكير منطقي,اجتماعي (بتحب تختلط بالناس بكثرة ),دراسة فيها عملي (تطبيق),العمل الجماعي (ضمن فريق),2,لا
2:45:28 م 2026/01/03,70,تربية خاصة,3,5,2,3,تفكير منطقي,اجتماعي (بتحب تختلط بالناس بكثرة ),مزيج بين النظري والعملي,الاثنين معا,4,لا
3:42:22 م 2026/01/03,70,هندسة برمجيات,5,5,4,5,تفكير تحليلي,منطوي (ما بتحب كثير تختلط بالناس),مزيج بين النظري والعملي,الاثنين معا,2,لا
4:07:16 م 2026/01/03,70,دعم لوجستي ,5,4,5,3,تفكير منطقي,اجتماعي (بتحب تختلط بالناس بكثرة ),دراسة فيها عملي (تطبيق),العمل الجماعي (ضمن فريق),2,نعم
4:33:28 م 2026/01/03,70,٣.٨٠,3,2,5,4,تفكير تحليلي,اجتماعي (بتحب تختلط بالناس بكثرة ),مزيج بين النظري والعملي,الاثنين معا,1,لا
4:37:28 م 2026/01/03,70,تأهيل رياضي ,5,5,1,2,تفكير منطقي,اجتماعي (بتحب تختلط بالناس بكثرة ),دراسة فيها عملي (تطبيق),الاثنين معا,2,نعم
4:57:31 م 2026/01/03,70,علاقات دولية ,4,4,4,4,تفكير منطقي,اجتماعي (بتحب تختلط بالناس بكثرة ),دراسة فيها عملي (تطبيق),الاثنين معا,1,لا
5:45:14 م 2026/01/03,70,كيمياء,3,4,1,1,تفكير منطقي,منطوي (ما بتحب كثير تختلط بالناس),دراسة فيها عملي (تطبيق),الاثنين معا,2,نعم
6:03:52 م 2026/01/03,70,معلم صف ,5,2,1,4,تفكير منطقي,اجتماعي (بتحب تختلط بالناس بكثرة ),مزيج بين النظري والعملي,الاثنين معا,1,نعم
8:05:12 م 2026/01/03,70,علم الحاسوب,5,1,2,2,تفكير تحليلي,منطوي (ما بتحب كثير تختلط بالناس),دراسة فيها عملي (تطبيق),الاثنين معا,2,لا
8:35:15 م 2026/01/03,70,مختبرات الاسنان,3,5,2,4,تفكير تحليلي,اجتماعي (بتحب تختلط بالناس بكثرة ),مزيج بين النظري والعملي,الاثنين معا,1,لا
9:16:09 م 2026/01/03,70,تدريب رياضي,1,3,3,2,تفكير تحليلي,اجتماعي (بتحب تختلط بالناس بكثرة ),دراسة فيها عملي (تطبيق),الاثنين معا,2,نعم
10:16:09 م 2026/01/02,71,أنظمة المعلومات الحاسوبية ,4,1,3,3,تفكير منطقي,منطوي (ما بتحب كثير تختلط بالناس),نظري,الاثنين معا,4,لا
11:54:47 م 2026/01/02,71,It,1,1,1,1,تفكير تحليلي,منطوي (ما بتحب كثير تختلط بالناس),نظري,العمل الفردي,1,نعم
12:23:41 ص 2026/01/03,71,علم حاسوب ,3,5,1,3,تفكير منطقي,اجتماعي (بتحب تختلط بالناس بكثرة ),مزيج بين النظري والعملي,الاثنين معا,3,نعم
11:59:09 ص 2026/01/03,71,التغذية السريرية والحميات ,3,5,1,3,تفكير منطقي,اجتماعي (بتحب تختلط بالناس بكثرة ),دراسة فيها عملي (تطبيق),العمل الجماعي (ضمن فريق),1,لا
1:38:37 م 2026/01/03,71,اللغة الإنجليزية وآدابها ,3,3,5,3,تفكير منطقي,منطوي (ما بتحب كثير تختلط بالناس),دراسة فيها عملي (تطبيق),الاثنين معا,1,لا
1:46:37 م 2026/01/03,71,حقوق,1,1,3,4,تفكير منطقي,اجتماعي (بتحب تختلط بالناس بكثرة ),مزيج بين النظري والعملي,الاثنين معا,1,لا
4:01:29 م 2026/01/03,71,ترجمة,4,5,1,1,تفكير منطقي,اجتماعي (بتحب تختلط بالناس بكثرة ),دراسة فيها عملي (تطبيق),الاثنين معا,1,لا
7:49:02 م 2026/01/03,71,تمريض,3,4,3,2,تفكير منطقي,منطوي (ما بتحب كثير تختلط بالناس),دراسة فيها عملي (تطبيق),الاثنين معا,3,نعم
9:39:48 م 2026/01/02,72,امن سيبراني ,4,2,1,1,تفكير منطقي,منطوي (ما بتحب كثير تختلط بالناس),مزيج بين النظري والعملي,الاثنين معا,3,نعم
11:06:25 م 2026/01/02,72,علم حاسوب ,3,3,2,2,تفكير منطقي,منطوي (ما بتحب كثير تختلط بالناس),مزيج بين النظري والعملي,الاثنين معا,2,نعم
11:52:58 م 2026/01/02,72,نظم معلومات حاسوبيه,3,2,1,2,تفكير تحليلي,اجتماعي (بتحب تختلط بالناس بكثرة ),دراسة فيها عملي (تطبيق),الاثنين معا,2,لا
7:23:02 ص 2026/01/03,72,تكنولوجيا معلومات أعمال ,5,1,2,1,تفكير منطقي,منطوي (ما بتحب كثير تختلط بالناس),مزيج بين النظري والعملي,العمل الجماعي (ضمن فريق),1,نعم
12:48:29 م 2026/01/03,72,ادارة مخاطر مالية وتأمين ,3,5,1,1,تفكير تحليلي,اجتماعي (بتحب تختلط بالناس بكثرة ),دراسة فيها عملي (تطبيق),الاثنين معا,2,نعم
2:10:54 م 2026/01/03,72,هندسه برمجيات ,1,5,1,3,تفكير منطقي,اجتماعي (بتحب تختلط بالناس بكثرة ),دراسة فيها عملي (تطبيق),الاثنين معا,2,لا
2:16:12 م 2026/01/03,72,رياضة,3,5,3,5,تفكير منطقي,اجتماعي (بتحب تختلط بالناس بكثرة ),مزيج بين النظري والعملي,العمل الجماعي (ضمن فريق),1,لا
3:00:48 م 2026/01/03,72,هندسة برمجيات ,1,1,1,5,تفكير منطقي,اجتماعي (بتحب تختلط بالناس بكثرة ),دراسة فيها عملي (تطبيق),العمل الفردي,1,لا
8:07:04 م 2025/12/31,73,ادب اللغة الإنجليزية وادابها,2,3,1,5,تفكير تحليلي,منطوي (ما بتحب كثير تختلط بالناس),نظري,العمل الفردي,3,نعم
11:43:52 م 2026/01/02,73,الامن السيبراني,2,4,1,1,تفكير منطقي,اجتماعي (بتحب تختلط بالناس بكثرة ),مزيج بين النظري والعملي,العمل الجماعي (ضمن فريق),2,نعم
6:51:01 ص 2026/01/03,73,تكنولوجيا المعلومات,5,1,3,3,تفكير تحليلي,اجتماعي (بتحب تختلط بالناس بكثرة ),دراسة فيها عملي (تطبيق),الاثنين معا,1,لا
12:04:54 م 2026/01/03,73,علم الحاسوب ,4,1,3,2,تفكير منطقي,منطوي (ما بتحب كثير تختلط بالناس),دراسة فيها عملي (تطبيق),العمل الجماعي (ضمن فريق),2,نعم
12:15:54 م 2026/01/03,73,تكنولوجيا معلومات الاعمال ,3,4,2,3,تفكير منطقي,اجتماعي (بتحب تختلط بالناس بكثرة ),مزيج بين النظري والعملي,العمل الجماعي (ضمن فريق),4,نعم
12:21:16 م 2026/01/03,73,قانون,4,2,3,2,تفكير منطقي,اجتماعي (بتحب تختلط بالناس بكثرة ),مزيج بين النظري والعملي,الاثنين معا,1,لا
12:44:31 م 2026/01/03,73,ارشاد نفسي,2,3,3,4,تفكير تحليلي,اجتماعي (بتحب تختلط بالناس بكثرة ),مزيج بين النظري والعملي,الاثنين معا,1,لا
7:39:57 م 2026/01/03,73,إدارة وتدريب رياضي ,3,2,1,2,تفكير منطقي,اجتماعي (بتحب تختلط بالناس بكثرة ),دراسة فيها عملي (تطبيق),الاثنين معا,1,لا
11:22:21 م 2026/01/02,74,معلم صف,3,2,1,3,تفكير تحليلي,منطوي (ما بتحب كثير تختلط بالناس),مزيج بين النظري والعملي,العمل الفردي,1,نعم
1:19:50 م 2026/01/03,74,العلاج الطبيعي ,1,5,2,2,تفكير منطقي,اجتماعي (بتحب تختلط بالناس بكثرة ),دراسة فيها عملي (تطبيق),العمل الفردي,3,لا
1:39:34 م 2026/01/03,74,ذكاء اصطناعي ,5,2,1,1,تفكير منطقي,اجتماعي (بتحب تختلط بالناس بكثرة ),دراسة فيها عملي (تطبيق),الاثنين معا,1,لا
2:05:20 م 2026/01/03,74,علاج طبيعي,1,5,1,1,تفكير تحليلي,اجتماعي (بتحب تختلط بالناس بكثرة ),مزيج بين النظري والعملي,العمل الجماعي (ضمن فريق),1,لا
2:22:59 م 2026/01/03,74,عربي,1,1,1,3,تفكير منطقي,منطوي (ما بتحب كثير تختلط بالناس),مزيج بين النظري والعملي,الاثنين معا,4,نعم
4:12:45 م 2026/01/03,74,خدمه اجتامعيه ,3,3,2,2,تفكير منطقي,اجتماعي (بتحب تختلط بالناس بكثرة ),مزيج بين النظري والعملي,العمل الجماعي (ضمن فريق),3,نعم
4:14:55 م 2026/01/03,74,إدارة أعمال ,3,2,4,3,تفكير منطقي,منطوي (ما بتحب كثير تختلط بالناس),مزيج بين النظري والعملي,العمل الفردي,2,نعم
6:47:36 م 2026/01/03,74,تمريض ,4,5,3,3,تفكير تحليلي,اجتماعي (بتحب تختلط بالناس بكثرة ),مزيج بين النظري والعملي,الاثنين معا,1,لا
11:08:16 م 2026/01/02,74٫6,الأحياء الدقيقة,3,5,1,1,تفكير منطقي,منطوي (ما بتحب كثير تختلط بالناس),مزيج بين النظري والعملي,العمل الجماعي (ضمن فريق),3,نعم
11:22:59 م 2026/01/02,75,ذكاء اصطناعي ,3,3,1,1,تفكير تحليلي,اجتماعي (بتحب تختلط بالناس بكثرة ),مزيج بين النظري والعملي,العمل الجماعي (ضمن فريق),3,نعم
11:25:09 م 2026/01/02,75,نظم معلومات حاسوبية ,5,3,5,4,تفكير منطقي,اجتماعي (بتحب تختلط بالناس بكثرة ),مزيج بين النظري والعملي,العمل الجماعي (ضمن فريق),1,لا
11:44:48 م 2026/01/02,75,ذكاء اصطناعي,3,4,1,2,تفكير منطقي,منطوي (ما بتحب كثير تختلط بالناس),دراسة فيها عملي (تطبيق),الاثنين معا,3,نعم
11:47:26 م 2026/01/02,75,الأمن السيبراني,3,3,1,3,تفكير منطقي,اجتماعي (بتحب تختلط بالناس بكثرة ),مزيج بين النظري والعملي,الاثنين معا,2,لا
11:57:12 م 2026/01/02,75,تمريض ,5,1,5,5,تفكير منطقي,اجتماعي (بتحب تختلط بالناس بكثرة ),مزيج بين النظري والعملي,الاثنين معا,1,لا
12:50:49 ص 2026/01/03,75,علم بيانات وذكاء اصطناعي,2,1,3,2,تفكير منطقي,اجتماعي (بتحب تختلط بالناس بكثرة ),مزيج بين النظري والعملي,الاثنين معا,2,نعم
1:25:25 ص 2026/01/03,75,انظمة معلومات حاسوبية,2,2,4,3,تفكير تحليلي,منطوي (ما بتحب كثير تختلط بالناس),دراسة فيها عملي (تطبيق),الاثنين معا,2,نعم
7:17:03 ص 2026/01/03,75,علم بيانات وذكاء اصطناعي ,3,1,1,2,تفكير منطقي,اجتماعي (بتحب تختلط بالناس بكثرة ),مزيج بين النظري والعملي,العمل الجماعي (ضمن فريق),2,نعم
11:49:12 ص 2026/01/03,75,تاهيل رياضي ,1,3,1,1,تفكير منطقي,منطوي (ما بتحب كثير تختلط بالناس),نظري,الاثنين معا,4,نعم
11:58:35 ص 2026/01/03,75,تسويق رقمي,5,1,5,1,تفكير منطقي,منطوي (ما بتحب كثير تختلط بالناس),نظري,العمل الفردي,4,نعم
12:57:33 م 2026/01/03,75,AI,5,3,4,4,تفكير تحليلي,اجتماعي (بتحب تختلط بالناس بكثرة ),مزيج بين النظري والعملي,العمل الجماعي (ضمن فريق),1,لا
1:07:27 م 2026/01/03,75,طفولة مبكرة ,2,3,4,3,تفكير منطقي,اجتماعي (بتحب تختلط بالناس بكثرة ),دراسة فيها عملي (تطبيق),العمل الجماعي (ضمن فريق),1,لا
1:08:33 م 2026/01/03,75,طفولة مبكرة ,2,4,4,2,تفكير منطقي,اجتماعي (بتحب تختلط بالناس بكثرة ),دراسة فيها عملي (تطبيق),العمل الجماعي (ضمن فريق),1,لا
1:09:40 م 2026/01/03,75,اللغه العربيه ,3,1,1,5,تفكير منطقي,منطوي (ما بتحب كثير تختلط بالناس),دراسة فيها عملي (تطبيق),العمل الجماعي (ضمن فريق),3,لا
1:13:18 م 2026/01/03,75,علم البيانات والذكاء الاصطناعي ,4,4,2,2,تفكير تحليلي,اجتماعي (بتحب تختلط بالناس بكثرة ),دراسة فيها عملي (تطبيق),الاثنين معا,2,نعم
2:07:16 م 2026/01/03,75,علم حاسوب ,3,4,2,2,تفكير منطقي,منطوي (ما بتحب كثير تختلط بالناس),دراسة فيها عملي (تطبيق),الاثنين معا,1,لا
2:08:46 م 2026/01/03,75,انجليزي ,4,2,3,2,تفكير منطقي,منطوي (ما بتحب كثير تختلط بالناس),مزيج بين النظري والعملي,العمل الجماعي (ضمن فريق),3,لا
2:09:38 م 2026/01/03,75,كيميا,3,5,1,1,تفكير تحليلي,اجتماعي (بتحب تختلط بالناس بكثرة ),مزيج بين النظري والعملي,الاثنين معا,2,نعم
2:37:09 م 2026/01/03,75,الامن سيبراني ,5,2,2,4,تفكير تحليلي,اجتماعي (بتحب تختلط بالناس بكثرة ),دراسة فيها عملي (تطبيق),العمل الجماعي (ضمن فريق),1,لا
3:07:37 م 2026/01/03,75,هندسة برمجيات,3,4,4,2,تفكير تحليلي,منطوي (ما بتحب كثير تختلط بالناس),مزيج بين النظري والعملي,الاثنين معا,3,نعم
3:09:38 م 2026/01/03,75,الامن السبراني ,5,3,3,5,تفكير تحليلي,اجتماعي (بتحب تختلط بالناس بكثرة ),مزيج بين النظري والعملي,الاثنين معا,4,لا
3:20:56 م 2026/01/03,75,هندسه برمجيات ,2,1,3,4,تفكير تحليلي,اجتماعي (بتحب تختلط بالناس بكثرة ),دراسة فيها عملي (تطبيق),العمل الجماعي (ضمن فريق),1,لا
3:44:54 م 2026/01/03,75,أدارة وتدريب رياضي,4,5,4,3,تفكير منطقي,اجتماعي (بتحب تختلط بالناس بكثرة ),دراسة فيها عملي (تطبيق),الاثنين معا,1,نعم
3:46:14 م 2026/01/03,75,علم حاسوب,5,2,3,5,تفكير تحليلي,منطوي (ما بتحب كثير تختلط بالناس),دراسة فيها عملي (تطبيق),العمل الجماعي (ضمن فريق),4,لا
4:24:24 م 2026/01/03,75,تاريخ,3,1,2,5,تفكير منطقي,اجتماعي (بتحب تختلط بالناس بكثرة ),مزيج بين النظري والعملي,العمل الفردي,1,نعم
5:27:14 م 2026/01/03,75,محاسبه وقانون تجاري,3,3,5,5,تفكير تحليلي,اجتماعي (بتحب تختلط بالناس بكثرة ),مزيج بين النظري والعملي,العمل الجماعي (ضمن فريق),1,لا
5:27:35 م 2026/01/03,75,محاسبه وقانون تجاري,3,3,5,5,تفكير تحليلي,اجتماعي (بتحب تختلط بالناس بكثرة ),مزيج بين النظري والعملي,العمل الجماعي (ضمن فريق),1,لا
6:14:04 م 2026/01/03,75,ادارة سياحه ,5,2,5,4,تفكير تحليلي,اجتماعي (بتحب تختلط بالناس بكثرة ),دراسة فيها عملي (تطبيق),العمل الجماعي (ضمن فريق),2,نعم
7:57:39 م 2026/01/03,75,محاسبة باللغة الانجليزية ,5,3,5,5,تفكير منطقي,منطوي (ما بتحب كثير تختلط بالناس),مزيج بين النظري والعملي,الاثنين معا,2,نعم
1:45:36 م 2026/01/03,75٫15,الإدارة السياحية,3,2,3,3,تفكير منطقي,منطوي (ما بتحب كثير تختلط بالناس),دراسة فيها عملي (تطبيق),الاثنين معا,3,نعم
11:27:45 م 2026/01/02,76,هندسة البرمجيات ,5,1,4,2,تفكير تحليلي,اجتماعي (بتحب تختلط بالناس بكثرة ),مزيج بين النظري والعملي,الاثنين معا,4,لا
1:50:29 ص 2026/01/03,76,إدارة وتدريب رياضي,5,5,5,5,تفكير تحليلي,اجتماعي (بتحب تختلط بالناس بكثرة ),دراسة فيها عملي (تطبيق),الاثنين معا,4,نعم
9:53:03 ص 2026/01/03,76,اشعه طبيه ,4,5,3,4,تفكير منطقي,اجتماعي (بتحب تختلط بالناس بكثرة ),مزيج بين النظري والعملي,الاثنين معا,2,نعم
11:56:13 ص 2026/01/03,76,تسويق الالكتروني ,5,2,1,5,تفكير منطقي,منطوي (ما بتحب كثير تختلط بالناس),مزيج بين النظري والعملي,الاثنين معا,1,نعم
11:58:58 ص 2026/01/03,76,علاج وظيفي ,3,5,2,2,تفكير منطقي,اجتماعي (بتحب تختلط بالناس بكثرة ),دراسة فيها عملي (تطبيق),الاثنين معا,1,لا
12:00:31 م 2026/01/03,76,تسويق رقمي ,1,1,5,1,تفكير تحليلي,منطوي (ما بتحب كثير تختلط بالناس),نظري,العمل الفردي,2,لا
1:09:00 م 2026/01/03,76,علم حاسوب,2,1,1,1,تفكير منطقي,اجتماعي (بتحب تختلط بالناس بكثرة ),مزيج بين النظري والعملي,العمل الجماعي (ضمن فريق),1,لا
1:40:35 م 2026/01/03,76,التكنولوجيا المالية ,5,1,4,5,تفكير منطقي,اجتماعي (بتحب تختلط بالناس بكثرة ),دراسة فيها عملي (تطبيق),الاثنين معا,2,نعم
2:05:03 م 2026/01/03,76,تمريض,2,4,1,2,تفكير منطقي,منطوي (ما بتحب كثير تختلط بالناس),دراسة فيها عملي (تطبيق),الاثنين معا,2,نعم
2:07:33 م 2026/01/03,76,تكنولوجيا معلومات الاعمال ,3,2,4,2,تفكير تحليلي,اجتماعي (بتحب تختلط بالناس بكثرة ),دراسة فيها عملي (تطبيق),العمل الجماعي (ضمن فريق),2,نعم
2:16:59 م 2026/01/03,76,ادارة المياه والبيئة,3,1,3,4,تفكير منطقي,اجتماعي (بتحب تختلط بالناس بكثرة ),مزيج بين النظري والعملي,الاثنين معا,4,نعم
5:52:45 م 2026/01/03,76,ارشاد نفسي,3,1,1,2,تفكير منطقي,منطوي (ما بتحب كثير تختلط بالناس),دراسة فيها عملي (تطبيق),الاثنين معا,4,لا
9:39:29 م 2026/01/03,76,اللغه العربيه ,3,2,2,5,تفكير منطقي,اجتماعي (بتحب تختلط بالناس بكثرة ),مزيج بين النظري والعملي,الاثنين معا,1,نعم
10:59:31 م 2026/01/02,77,إدارة وتدريب رياضي ,5,4,3,3,تفكير تحليلي,منطوي (ما بتحب كثير تختلط بالناس),مزيج بين النظري والعملي,الاثنين معا,3,نعم
11:20:28 م 2026/01/02,77,تقنيات وقاية ومكافحة متكاملة ,2,1,1,1,تفكير تحليلي,اجتماعي (بتحب تختلط بالناس بكثرة ),نظري,العمل الفردي,2,لا
11:39:59 م 2026/01/02,77,كيمياء,4,3,1,3,تفكير منطقي,اجتماعي (بتحب تختلط بالناس بكثرة ),مزيج بين النظري والعملي,الاثنين معا,4,نعم
2:38:58 ص 2026/01/03,77,علوم ماليه ومصرفيه ,3,1,5,1,تفكير منطقي,اجتماعي (بتحب تختلط بالناس بكثرة ),مزيج بين النظري والعملي,العمل الفردي,2,نعم
7:50:40 ص 2026/01/03,77,نظم معلومات حاسوبيه,5,1,2,2,تفكير منطقي,اجتماعي (بتحب تختلط بالناس بكثرة ),دراسة فيها عملي (تطبيق),الاثنين معا,1,نعم
12:59:19 م 2026/01/03,77,مختبرات طبية,3,4,2,3,تفكير تحليلي,اجتماعي (بتحب تختلط بالناس بكثرة ),مزيج بين النظري والعملي,الاثنين معا,1,لا
4:14:58 م 2026/01/03,77,نظم معلومات حاسوبية ,4,1,1,1,تفكير منطقي,اجتماعي (بتحب تختلط بالناس بكثرة ),مزيج بين النظري والعملي,العمل الجماعي (ضمن فريق),2,لا
6:33:29 م 2026/01/03,77,كيمياء,2,3,1,1,تفكير تحليلي,اجتماعي (بتحب تختلط بالناس بكثرة ),دراسة فيها عملي (تطبيق),العمل الجماعي (ضمن فريق),3,نعم
4:18:31 م 2026/01/03,77٫7,إدارة مياه وبيئه هندسه زراعيه,4,3,4,4,تفكير تحليلي,منطوي (ما بتحب كثير تختلط بالناس),دراسة فيها عملي (تطبيق),الاثنين معا,2,نعم
12:23:02 ص 2026/01/03,78,تكنولجيا المعلومات,5,3,5,5,تفكير منطقي,اجتماعي (بتحب تختلط بالناس بكثرة ),دراسة فيها عملي (تطبيق),الاثنين معا,4,نعم
5:45:50 ص 2026/01/03,78,علم البيانات و الذكاء الاصطناعي ,2,4,1,2,تفكير تحليلي,منطوي (ما بتحب كثير تختلط بالناس),مزيج بين النظري والعملي,الاثنين معا,2,نعم
11:38:48 ص 2026/01/03,78,الذكاء الاصطناعي وعلم البيانات,1,1,2,2,تفكير تحليلي,اجتماعي (بتحب تختلط بالناس بكثرة ),دراسة فيها عملي (تطبيق),العمل الفردي,4,نعم
11:58:04 ص 2026/01/03,78,تمريض ,4,5,3,1,تفكير تحليلي,اجتماعي (بتحب تختلط بالناس بكثرة ),مزيج بين النظري والعملي,العمل الفردي,4,نعم
1:41:15 م 2026/01/03,78,علم بيانات ,4,1,1,4,تفكير تحليلي,منطوي (ما بتحب كثير تختلط بالناس),دراسة فيها عملي (تطبيق),العمل الفردي,4,نعم
1:55:09 م 2026/01/03,78,تصميم داخلي ,5,4,3,5,تفكير تحليلي,اجتماعي (بتحب تختلط بالناس بكثرة ),دراسة فيها عملي (تطبيق),العمل الفردي,1,لا
5:03:12 م 2026/01/03,78,علم بيانات وذكاء اصطناعي ,2,3,1,1,تفكير منطقي,اجتماعي (بتحب تختلط بالناس بكثرة ),دراسة فيها عملي (تطبيق),العمل الفردي,3,نعم
6:20:14 م 2026/01/03,78,علم حاسوب,5,1,3,3,تفكير منطقي,منطوي (ما بتحب كثير تختلط بالناس),دراسة فيها عملي (تطبيق),العمل الفردي,3,نعم
11:21:08 م 2026/01/02,79,امن المعلومات والادلة الرقمية,4,3,1,1,تفكير منطقي,اجتماعي (بتحب تختلط بالناس بكثرة ),دراسة فيها عملي (تطبيق),العمل الجماعي (ضمن فريق),2,نعم
11:22:26 م 2026/01/02,79,كيمياء ,3,5,2,1,تفكير تحليلي,اجتماعي (بتحب تختلط بالناس بكثرة ),مزيج بين النظري والعملي,العمل الجماعي (ضمن فريق),3,نعم
11:44:52 م 2026/01/02,79,امن سيبراني ,3,1,2,2,تفكير منطقي,منطوي (ما بتحب كثير تختلط بالناس),دراسة فيها عملي (تطبيق),العمل الجماعي (ضمن فريق),4,نعم
12:13:16 ص 2026/01/03,79,انضمة معلومات حاسوبية,4,3,4,2,تفكير منطقي,منطوي (ما بتحب كثير تختلط بالناس),دراسة فيها عملي (تطبيق),العمل الفردي,1,لا
12:05:14 م 2026/01/03,79,علم المحافظة على الاثار ,3,3,3,3,تفكير تحليلي,منطوي (ما بتحب كثير تختلط بالناس),مزيج بين النظري والعملي,الاثنين معا,2,لا
1:46:23 م 2026/01/03,79,كيمياء,2,3,1,1,تفكير منطقي,اجتماعي (بتحب تختلط بالناس بكثرة ),دراسة فيها عملي (تطبيق),الاثنين معا,2,نعم
2:15:48 م 2026/01/03,79,تسريق,4,2,5,5,تفكير منطقي,اجتماعي (بتحب تختلط بالناس بكثرة ),دراسة فيها عملي (تطبيق),الاثنين معا,2,لا
2:46:14 م 2026/01/03,79,اقتصاد مالي,2,1,4,1,تفكير تحليلي,منطوي (ما بتحب كثير تختلط بالناس),مزيج بين النظري والعملي,الاثنين معا,2,نعم
4:08:29 م 2026/01/03,79,علاج وظيفي,2,5,1,3,تفكير منطقي,اجتماعي (بتحب تختلط بالناس بكثرة ),مزيج بين النظري والعملي,الاثنين معا,1,لا
8:54:47 م 2025/12/31,80,علم حاسوب,4,2,2,3,تفكير منطقي,اجتماعي (بتحب تختلط بالناس بكثرة ),مزيج بين النظري والعملي,الاثنين معا,4,لا
10:48:15 م 2026/01/02,80,ذكاء الاصطناعي ,4,3,2,1,تفكير تحليلي,منطوي (ما بتحب كثير تختلط بالناس),دراسة فيها عملي (تطبيق),الاثنين معا,4,لا
11:21:01 م 2026/01/02,80,ترجمه ,3,5,1,2,تفكير منطقي,منطوي (ما بتحب كثير تختلط بالناس),دراسة فيها عملي (تطبيق),العمل الجماعي (ضمن فريق),1,نعم
11:43:49 م 2026/01/02,80,انظمه معلومات حاسوبيه,3,3,2,5,تفكير منطقي,اجتماعي (بتحب تختلط بالناس بكثرة ),مزيج بين النظري والعملي,الاثنين معا,1,لا
12:13:03 ص 2026/01/03,80,Cis,5,1,3,1,تفكير تحليلي,اجتماعي (بتحب تختلط بالناس بكثرة ),دراسة فيها عملي (تطبيق),الاثنين معا,3,لا
1:12:38 ص 2026/01/03,80,هندسة برمجيات,5,1,2,1,تفكير منطقي,منطوي (ما بتحب كثير تختلط بالناس),دراسة فيها عملي (تطبيق),الاثنين معا,4,لا
2:18:41 ص 2026/01/03,80,التربية الخاصه ,3,1,1,3,تفكير تحليلي,اجتماعي (بتحب تختلط بالناس بكثرة ),مزيج بين النظري والعملي,الاثنين معا,1,نعم
2:55:39 ص 2026/01/03,80,ذكاء اصطناعي وعلم بيانات,1,5,1,1,تفكير منطقي,اجتماعي (بتحب تختلط بالناس بكثرة ),مزيج بين النظري والعملي,الاثنين معا,2,نعم
12:07:38 م 2026/01/03,80,علم التمريض ,3,5,2,3,تفكير منطقي,اجتماعي (بتحب تختلط بالناس بكثرة ),دراسة فيها عملي (تطبيق),الاثنين معا,1,لا
12:41:58 م 2026/01/03,80,تغذيه سرير يه و حميات ,3,5,3,4,تفكير تحليلي,اجتماعي (بتحب تختلط بالناس بكثرة ),مزيج بين النظري والعملي,الاثنين معا,2,نعم
1:27:57 م 2026/01/03,80,جيولوجيا,4,5,1,1,تفكير منطقي,منطوي (ما بتحب كثير تختلط بالناس),دراسة فيها عملي (تطبيق),الاثنين معا,1,نعم
1:31:43 م 2026/01/03,80,امن سبراني,3,1,1,1,تفكير منطقي,اجتماعي (بتحب تختلط بالناس بكثرة ),دراسة فيها عملي (تطبيق),الاثنين معا,4,نعم
2:04:27 م 2026/01/03,80,اللغه الصينيه والانجليزيه ,5,1,1,1,تفكير منطقي,اجتماعي (بتحب تختلط بالناس بكثرة ),نظري,الاثنين معا,2,لا
2:13:57 م 2026/01/03,80,علم حاسوب,3,4,1,1,تفكير منطقي,منطوي (ما بتحب كثير تختلط بالناس),دراسة فيها عملي (تطبيق),الاثنين معا,1,لا
2:30:02 م 2026/01/03,80,تربية خاصة,3,5,1,1,تفكير منطقي,اجتماعي (بتحب تختلط بالناس بكثرة ),مزيج بين النظري والعملي,الاثنين معا,1,نعم
3:42:15 م 2026/01/03,80,مهندس حاسوب ,3,1,2,5,تفكير تحليلي,اجتماعي (بتحب تختلط بالناس بكثرة ),مزيج بين النظري والعملي,العمل الفردي,2,لا
4:04:15 م 2026/01/03,80,إدارة المخاطر و التأمين ,2,1,5,1,تفكير تحليلي,منطوي (ما بتحب كثير تختلط بالناس),مزيج بين النظري والعملي,العمل الفردي,2,نعم
4:38:40 م 2026/01/03,80,جغرافيا,3,1,1,3,تفكير منطقي,اجتماعي (بتحب تختلط بالناس بكثرة ),مزيج بين النظري والعملي,الاثنين معا,4,لا
8:42:03 م 2026/01/03,80,اقتصاد مالي,4,4,1,1,تفكير منطقي,اجتماعي (بتحب تختلط بالناس بكثرة ),مزيج بين النظري والعملي,العمل الفردي,2,نعم
8:41:28 م 2025/12/31,81,علم بيانات وذكاء اصطناعي ,3,2,2,3,تفكير تحليلي,اجتماعي (بتحب تختلط بالناس بكثرة ),دراسة فيها عملي (تطبيق),العمل الجماعي (ضمن فريق),3,نعم
12:30:15 ص 2026/01/03,81,علم بيانات,1,5,1,5,تفكير منطقي,اجتماعي (بتحب تختلط بالناس بكثرة ),دراسة فيها عملي (تطبيق),الاثنين معا,1,لا
12:02:56 م 2026/01/03,81,علم حاسوب ,4,1,1,1,تفكير تحليلي,اجتماعي (بتحب تختلط بالناس بكثرة ),مزيج بين النظري والعملي,الاثنين معا,1,لا
12:20:22 م 2026/01/03,81,نانوتكنلوجي وعلم مواد ,3,2,2,2,تفكير تحليلي,منطوي (ما بتحب كثير تختلط بالناس),دراسة فيها عملي (تطبيق),العمل الفردي,1,نعم
12:25:10 م 2026/01/03,81,هندسة كهرباء,5,3,4,4,تفكير منطقي,اجتماعي (بتحب تختلط بالناس بكثرة ),دراسة فيها عملي (تطبيق),العمل الجماعي (ضمن فريق),3,نعم
12:55:35 م 2026/01/03,81,هندسه ميكاترونكس ,3,3,3,3,تفكير تحليلي,اجتماعي (بتحب تختلط بالناس بكثرة ),مزيج بين النظري والعملي,الاثنين معا,2,نعم
2:24:19 م 2026/01/03,81,تكنولوجيا معلومات ,3,4,2,1,تفكير تحليلي,اجتماعي (بتحب تختلط بالناس بكثرة ),مزيج بين النظري والعملي,الاثنين معا,2,نعم
4:02:19 م 2026/01/03,81,تكنولوجيا حيوية ,4,5,3,5,تفكير منطقي,اجتماعي (بتحب تختلط بالناس بكثرة ),دراسة فيها عملي (تطبيق),الاثنين معا,3,لا
4:51:23 م 2026/01/03,81,الإدارة والتدريب الرياضي ,3,3,3,4,تفكير تحليلي,منطوي (ما بتحب كثير تختلط بالناس),مزيج بين النظري والعملي,الاثنين معا,2,نعم
6:00:00 م 2026/01/03,81,سمع ونطق,3,5,1,3,تفكير منطقي,منطوي (ما بتحب كثير تختلط بالناس),مزيج بين النظري والعملي,الاثنين معا,2,لا
1:46:42 م 2026/01/03,81٫1,علوم ماليه ومصرفيه,2,1,2,3,تفكير منطقي,اجتماعي (بتحب تختلط بالناس بكثرة ),مزيج بين النظري والعملي,الاثنين معا,1,نعم
12:50:09 م 2026/01/03,81٫8,التربية الخاصة ,4,4,5,2,تفكير منطقي,اجتماعي (بتحب تختلط بالناس بكثرة ),دراسة فيها عملي (تطبيق),الاثنين معا,2,نعم
9:52:02 م 2026/01/02,82,سايبر ,1,4,1,1,تفكير منطقي,اجتماعي (بتحب تختلط بالناس بكثرة ),مزيج بين النظري والعملي,الاثنين معا,1,نعم
11:43:03 م 2026/01/02,82,هندسة حاسوب ,1,3,1,1,تفكير تحليلي,اجتماعي (بتحب تختلط بالناس بكثرة ),مزيج بين النظري والعملي,العمل الفردي,2,نعم
12:32:58 ص 2026/01/03,82,85,2,4,2,3,تفكير منطقي,اجتماعي (بتحب تختلط بالناس بكثرة ),دراسة فيها عملي (تطبيق),العمل الجماعي (ضمن فريق),3,لا
1:46:37 ص 2026/01/03,82,رياضيات,4,5,3,3,تفكير تحليلي,منطوي (ما بتحب كثير تختلط بالناس),دراسة فيها عملي (تطبيق),الاثنين معا,3,نعم
8:02:13 ص 2026/01/03,82,علاقات دولية,3,2,3,4,تفكير تحليلي,اجتماعي (بتحب تختلط بالناس بكثرة ),دراسة فيها عملي (تطبيق),الاثنين معا,2,نعم
9:25:37 ص 2026/01/03,82,هندسة الحاسوب ,5,1,1,1,تفكير منطقي,اجتماعي (بتحب تختلط بالناس بكثرة ),دراسة فيها عملي (تطبيق),العمل الجماعي (ضمن فريق),2,نعم
12:34:15 م 2026/01/03,82,ادبي,3,4,3,3,تفكير منطقي,منطوي (ما بتحب كثير تختلط بالناس),دراسة فيها عملي (تطبيق),العمل الفردي,1,نعم
12:45:36 م 2026/01/03,82,معلم صف,4,2,3,4,تفكير منطقي,اجتماعي (بتحب تختلط بالناس بكثرة ),نظري,العمل الفردي,2,نعم
1:16:46 م 2026/01/03,82,معلم صف ,5,5,5,5,تفكير منطقي,اجتماعي (بتحب تختلط بالناس بكثرة ),مزيج بين النظري والعملي,الاثنين معا,4,لا
1:34:08 م 2026/01/03,82,نظم معلومات ادارية,4,1,5,2,تفكير منطقي,اجتماعي (بتحب تختلط بالناس بكثرة ),مزيج بين النظري والعملي,الاثنين معا,2,نعم
2:14:01 م 2026/01/03,82,هندسه برمجيات,5,3,3,4,تفكير منطقي,اجتماعي (بتحب تختلط بالناس بكثرة ),دراسة فيها عملي (تطبيق),العمل الجماعي (ضمن فريق),2,لا
2:30:34 م 2026/01/03,82,اقتصاد مالي,1,3,2,1,تفكير تحليلي,اجتماعي (بتحب تختلط بالناس بكثرة ),مزيج بين النظري والعملي,الاثنين معا,4,نعم
2:32:00 م 2026/01/03,82,علم الحاسوب ,4,4,3,1,تفكير منطقي,منطوي (ما بتحب كثير تختلط بالناس),دراسة فيها عملي (تطبيق),الاثنين معا,1,نعم
4:26:59 م 2026/01/03,82,الهندسة المدنية,1,1,1,3,تفكير منطقي,اجتماعي (بتحب تختلط بالناس بكثرة ),دراسة فيها عملي (تطبيق),العمل الجماعي (ضمن فريق),1,لا
5:10:44 م 2026/01/03,82,كيمياء ,3,1,1,4,تفكير منطقي,اجتماعي (بتحب تختلط بالناس بكثرة ),دراسة فيها عملي (تطبيق),العمل الجماعي (ضمن فريق),2,نعم
1:55:25 م 2026/01/03,82٫15,ادب و دراسات ثقافية باللغه الانجليزيه ,4,5,3,4,تفكير منطقي,اجتماعي (بتحب تختلط بالناس بكثرة ),مزيج بين النظري والعملي,العمل الجماعي (ضمن فريق),2,نعم
11:44:55 م 2026/01/02,83,تكنولوجيا معلومات الاعمال ,5,3,2,4,تفكير منطقي,اجتماعي (بتحب تختلط بالناس بكثرة ),مزيج بين النظري والعملي,الاثنين معا,4,لا
6:46:58 ص 2026/01/03,83,علم البيانات والذكاء الاصطناعي ,2,4,1,1,تفكير تحليلي,منطوي (ما بتحب كثير تختلط بالناس),مزيج بين النظري والعملي,العمل الفردي,2,نعم
1:56:12 م 2026/01/03,83,احياء ,3,5,1,2,تفكير منطقي,اجتماعي (بتحب تختلط بالناس بكثرة ),مزيج بين النظري والعملي,الاثنين معا,1,نعم
2:01:54 م 2026/01/03,83,ذكاء اصطناعي ,4,1,1,1,تفكير تحليلي,اجتماعي (بتحب تختلط بالناس بكثرة ),دراسة فيها عملي (تطبيق),الاثنين معا,1,لا
2:40:58 م 2026/01/03,83,العلوم الماليه و المصرفية ,3,4,3,3,تفكير تحليلي,منطوي (ما بتحب كثير تختلط بالناس),دراسة فيها عملي (تطبيق),الاثنين معا,2,نعم
2:58:36 م 2026/01/03,83,هندسه مدنيه ,2,2,2,4,تفكير منطقي,اجتماعي (بتحب تختلط بالناس بكثرة ),دراسة فيها عملي (تطبيق),العمل الجماعي (ضمن فريق),2,لا
3:40:12 م 2026/01/03,83,ادارة أعمال ,3,1,5,1,تفكير تحليلي,اجتماعي (بتحب تختلط بالناس بكثرة ),مزيج بين النظري والعملي,الاثنين معا,4,لا
4:24:35 م 2026/01/03,83,علم حاسوب,4,5,1,1,تفكير منطقي,منطوي (ما بتحب كثير تختلط بالناس),دراسة فيها عملي (تطبيق),الاثنين معا,1,نعم
4:40:27 م 2026/01/03,83,ذكاء الاصطناعي ,1,3,2,1,تفكير تحليلي,اجتماعي (بتحب تختلط بالناس بكثرة ),دراسة فيها عملي (تطبيق),الاثنين معا,4,لا
7:11:56 م 2026/01/03,83,تمريض,5,5,5,5,تفكير منطقي,اجتماعي (بتحب تختلط بالناس بكثرة ),مزيج بين النظري والعملي,الاثنين معا,3,نعم
8:34:33 م 2026/01/03,83,اقتصاديات المال والاعمال,5,1,5,5,تفكير تحليلي,اجتماعي (بتحب تختلط بالناس بكثرة ),مزيج بين النظري والعملي,الاثنين معا,1,لا
8:59:32 م 2026/01/03,83,ذكاء ,3,1,1,2,تفكير منطقي,منطوي (ما بتحب كثير تختلط بالناس),دراسة فيها عملي (تطبيق),الاثنين معا,3,نعم
2:06:29 م 2026/01/03,83٫6,هندسة برمجيات ,5,4,3,5,تفكير منطقي,اجتماعي (بتحب تختلط بالناس بكثرة ),مزيج بين النظري والعملي,العمل الجماعي (ضمن فريق),2,لا
9:50:14 م 2026/01/02,84,علم البيانات والذكاء الاصطناعي ,3,3,3,1,تفكير تحليلي,منطوي (ما بتحب كثير تختلط بالناس),دراسة فيها عملي (تطبيق),الاثنين معا,2,نعم
10:06:40 م 2026/01/02,84,اللغة الانجليزية وآدابها,3,2,1,5,تفكير تحليلي,منطوي (ما بتحب كثير تختلط بالناس),مزيج بين النظري والعملي,الاثنين معا,4,لا
11:02:58 م 2026/01/02,84,الأمن السيبراني,5,5,5,2,تفكير منطقي,اجتماعي (بتحب تختلط بالناس بكثرة ),مزيج بين النظري والعملي,العمل الجماعي (ضمن فريق),1,لا
11:22:50 م 2026/01/02,84,تسويق رقمي ,5,1,5,3,تفكير منطقي,اجتماعي (بتحب تختلط بالناس بكثرة ),دراسة فيها عملي (تطبيق),العمل الجماعي (ضمن فريق),2,نعم
1:02:21 ص 2026/01/03,84,علم البيانات والذكاء الاصطناعي,2,5,5,5,تفكير منطقي,اجتماعي (بتحب تختلط بالناس بكثرة ),دراسة فيها عملي (تطبيق),الاثنين معا,1,لا
2:04:32 ص 2026/01/03,84,التصوير الطبي والاشعاعي,4,4,2,3,تفكير منطقي,اجتماعي (بتحب تختلط بالناس بكثرة ),دراسة فيها عملي (تطبيق),الاثنين معا,1,لا
9:03:00 ص 2026/01/03,84,علوم حركة,3,5,2,2,تفكير تحليلي,اجتماعي (بتحب تختلط بالناس بكثرة ),مزيج بين النظري والعملي,العمل الفردي,3,لا
11:26:19 ص 2026/01/03,84,هندسة صناعية ,3,1,2,2,تفكير منطقي,اجتماعي (بتحب تختلط بالناس بكثرة ),مزيج بين النظري والعملي,الاثنين معا,1,لا
12:07:53 م 2026/01/03,84,كيمياء ,3,1,1,1,تفكير منطقي,منطوي (ما بتحب كثير تختلط بالناس),دراسة فيها عملي (تطبيق),الاثنين معا,3,لا
12:10:47 م 2026/01/03,84,هندسة حاسوب,2,5,1,5,تفكير منطقي,اجتماعي (بتحب تختلط بالناس بكثرة ),مزيج بين النظري والعملي,الاثنين معا,3,نعم
1:16:28 م 2026/01/03,84,هندسة مكانيك,2,1,1,2,تفكير منطقي,اجتماعي (بتحب تختلط بالناس بكثرة ),دراسة فيها عملي (تطبيق),العمل الجماعي (ضمن فريق),4,نعم
1:40:29 م 2026/01/03,84,التمريض,4,5,1,2,تفكير منطقي,منطوي (ما بتحب كثير تختلط بالناس),مزيج بين النظري والعملي,العمل الجماعي (ضمن فريق),3,لا
2:21:16 م 2026/01/03,84,نظم معلومات حاسوبية,1,1,1,1,تفكير منطقي,منطوي (ما بتحب كثير تختلط بالناس),دراسة فيها عملي (تطبيق),العمل الفردي,3,نعم
4:28:24 م 2026/01/03,84,علم بيانات و ذكاء اصطناعي,2,5,1,1,تفكير منطقي,اجتماعي (بتحب تختلط بالناس بكثرة ),مزيج بين النظري والعملي,الاثنين معا,1,نعم
8:26:23 م 2026/01/03,84,الامن السيبراني,4,2,2,2,تفكير تحليلي,اجتماعي (بتحب تختلط بالناس بكثرة ),مزيج بين النظري والعملي,الاثنين معا,3,نعم
11:47:24 م 2026/01/02,85,تكنولوجيا معلومان الاعمال,3,1,2,1,تفكير منطقي,اجتماعي (بتحب تختلط بالناس بكثرة ),دراسة فيها عملي (تطبيق),الاثنين معا,3,نعم
11:57:31 م 2026/01/02,85,انريض,4,4,4,5,تفكير منطقي,اجتماعي (بتحب تختلط بالناس بكثرة ),مزيج بين النظري والعملي,الاثنين معا,3,لا
12:05:22 ص 2026/01/03,85,تكنلوجيا معلومات أعمال ,3,3,3,5,تفكير منطقي,منطوي (ما بتحب كثير تختلط بالناس),نظري,الاثنين معا,3,نعم
1:35:33 ص 2026/01/03,85,علم بيانات وذكاء اصطناعي,1,4,1,1,تفكير منطقي,منطوي (ما بتحب كثير تختلط بالناس),مزيج بين النظري والعملي,الاثنين معا,3,نعم
12:07:55 م 2026/01/03,85,هندسه عماره ,5,4,4,4,تفكير منطقي,اجتماعي (بتحب تختلط بالناس بكثرة ),مزيج بين النظري والعملي,الاثنين معا,1,نعم
12:09:39 م 2026/01/03,85,كيمياء,1,1,1,3,تفكير منطقي,منطوي (ما بتحب كثير تختلط بالناس),مزيج بين النظري والعملي,الاثنين معا,1,لا
1:37:42 م 2026/01/03,85,الأمن السيبراني,5,2,2,1,تفكير منطقي,اجتماعي (بتحب تختلط بالناس بكثرة ),دراسة فيها عملي (تطبيق),العمل الجماعي (ضمن فريق),4,لا
1:55:40 م 2026/01/03,85,قانون,3,5,1,1,تفكير تحليلي,اجتماعي (بتحب تختلط بالناس بكثرة ),مزيج بين النظري والعملي,العمل الفردي,1,لا
2:11:51 م 2026/01/03,85,علاقات دوليه,1,1,1,1,تفكير منطقي,اجتماعي (بتحب تختلط بالناس بكثرة ),مزيج بين النظري والعملي,الاثنين معا,1,لا
2:16:10 م 2026/01/03,85,هندسة مدنية,3,1,2,5,تفكير منطقي,منطوي (ما بتحب كثير تختلط بالناس),مزيج بين النظري والعملي,العمل الفردي,1,نعم
2:20:03 م 2026/01/03,85,Ai&ds,2,5,3,5,تفكير منطقي,اجتماعي (بتحب تختلط بالناس بكثرة ),مزيج بين النظري والعملي,الاثنين معا,4,لا
2:43:50 م 2026/01/03,85,تمريض,5,5,5,1,تفكير تحليلي,اجتماعي (بتحب تختلط بالناس بكثرة ),دراسة فيها عملي (تطبيق),الاثنين معا,3,نعم
3:02:08 م 2026/01/03,85,هندسة طبية,3,3,4,4,تفكير منطقي,اجتماعي (بتحب تختلط بالناس بكثرة ),دراسة فيها عملي (تطبيق),الاثنين معا,2,نعم
4:09:14 م 2026/01/03,85,هندسة ,4,3,2,3,تفكير منطقي,منطوي (ما بتحب كثير تختلط بالناس),مزيج بين النظري والعملي,الاثنين معا,3,نعم
4:21:03 م 2026/01/03,85,تربيه خاصه ,3,2,1,2,تفكير منطقي,اجتماعي (بتحب تختلط بالناس بكثرة ),مزيج بين النظري والعملي,الاثنين معا,4,لا
9:06:36 م 2026/01/03,85, اداره اعمال ,3,3,5,3,تفكير منطقي,منطوي (ما بتحب كثير تختلط بالناس),نظري,العمل الفردي,2,نعم
11:33:58 م 2026/01/02,86,هندسة البرمجيات ,3,1,1,1,تفكير منطقي,منطوي (ما بتحب كثير تختلط بالناس),مزيج بين النظري والعملي,الاثنين معا,1,نعم
11:45:10 م 2026/01/02,86,٣.٦٥,5,1,3,3,تفكير منطقي,منطوي (ما بتحب كثير تختلط بالناس),مزيج بين النظري والعملي,الاثنين معا,4,لا
11:51:45 م 2026/01/02,86,علم البيانات والذكاء الاصطناعي ,4,3,3,3,تفكير تحليلي,اجتماعي (بتحب تختلط بالناس بكثرة ),مزيج بين النظري والعملي,العمل الجماعي (ضمن فريق),1,لا
12:16:18 م 2026/01/03,86,ادارة وتدريب رياضي ,3,2,4,2,تفكير منطقي,اجتماعي (بتحب تختلط بالناس بكثرة ),مزيج بين النظري والعملي,العمل الجماعي (ضمن فريق),1,لا
12:36:50 م 2026/01/03,86,علاقات دولية ,2,1,2,1,تفكير تحليلي,اجتماعي (بتحب تختلط بالناس بكثرة ),مزيج بين النظري والعملي,الاثنين معا,3,نعم
12:55:58 م 2026/01/03,86,إدارة سياحية,3,1,5,4,تفكير تحليلي,اجتماعي (بتحب تختلط بالناس بكثرة ),دراسة فيها عملي (تطبيق),الاثنين معا,2,نعم
2:14:30 م 2026/01/03,86,Ai,4,1,3,1,تفكير منطقي,اجتماعي (بتحب تختلط بالناس بكثرة ),مزيج بين النظري والعملي,الاثنين معا,2,لا
2:49:06 م 2026/01/03,86,التسويق الرقمي ,4,1,3,1,تفكير منطقي,اجتماعي (بتحب تختلط بالناس بكثرة ),مزيج بين النظري والعملي,العمل الجماعي (ضمن فريق),3,نعم
5:02:16 م 2026/01/03,86,امن سييراني ,5,2,3,4,تفكير تحليلي,اجتماعي (بتحب تختلط بالناس بكثرة ),مزيج بين النظري والعملي,الاثنين معا,2,لا
6:00:02 م 2026/01/03,86,اللغة العربية وآدابها ,2,1,3,3,تفكير منطقي,اجتماعي (بتحب تختلط بالناس بكثرة ),نظري,العمل الفردي,1,لا
7:47:09 م 2026/01/03,86,هندسة كهرباء,3,2,4,4,تفكير تحليلي,اجتماعي (بتحب تختلط بالناس بكثرة ),دراسة فيها عملي (تطبيق),الاثنين معا,2,نعم
1:50:14 م 2026/01/03,86٫2,تربية طفولة مبكرة ,4,3,2,2,تفكير منطقي,اجتماعي (بتحب تختلط بالناس بكثرة ),مزيج بين النظري والعملي,العمل الجماعي (ضمن فريق),1,لا
11:21:02 م 2026/01/02,87,القانون (الحقوق),2,1,3,4,تفكير منطقي,اجتماعي (بتحب تختلط بالناس بكثرة ),مزيج بين النظري والعملي,الاثنين معا,1,لا
11:45:39 م 2026/01/02,87,امن سيبراني ,5,3,3,3,تفكير تحليلي,منطوي (ما بتحب كثير تختلط بالناس),دراسة فيها عملي (تطبيق),الاثنين معا,1,لا
7:33:00 ص 2026/01/03,87,نظم معلومات حاسوبية,2,5,4,5,تفكير منطقي,اجتماعي (بتحب تختلط بالناس بكثرة ),دراسة فيها عملي (تطبيق),الاثنين معا,1,لا
11:52:36 ص 2026/01/03,87,محاسبة وقانون ,5,2,4,2,تفكير تحليلي,منطوي (ما بتحب كثير تختلط بالناس),نظري,العمل الفردي,1,نعم
12:00:39 م 2026/01/03,87,أدب و دراسات ثقافية باللغة الإنجليزية ,2,2,2,2,تفكير منطقي,منطوي (ما بتحب كثير تختلط بالناس),مزيج بين النظري والعملي,الاثنين معا,4,لا
12:02:39 م 2026/01/03,87,بزنس ,1,1,5,1,تفكير منطقي,اجتماعي (بتحب تختلط بالناس بكثرة ),دراسة فيها عملي (تطبيق),الاثنين معا,1,نعم
12:05:30 م 2026/01/03,87,هندسة كهربائية,5,1,2,1,تفكير تحليلي,اجتماعي (بتحب تختلط بالناس بكثرة ),دراسة فيها عملي (تطبيق),العمل الفردي,1,لا
1:20:49 م 2026/01/03,87,محاسبة وقانون تجاري,1,1,3,1,تفكير منطقي,منطوي (ما بتحب كثير تختلط بالناس),نظري,العمل الفردي,3,نعم
1:46:59 م 2026/01/03,87,تمريض,1,5,1,1,تفكير منطقي,اجتماعي (بتحب تختلط بالناس بكثرة ),دراسة فيها عملي (تطبيق),العمل الجماعي (ضمن فريق),1,لا
2:58:53 م 2026/01/03,87,إدارة فنادق ,3,1,4,2,تفكير منطقي,اجتماعي (بتحب تختلط بالناس بكثرة ),نظري,العمل الجماعي (ضمن فريق),4,نعم
4:27:25 م 2026/01/03,87,هندسة البرمجيات,3,1,1,1,تفكير تحليلي,اجتماعي (بتحب تختلط بالناس بكثرة ),مزيج بين النظري والعملي,الاثنين معا,1,نعم
12:12:05 م 2026/01/03,87٫15,آثار وسياحة ,4,1,5,2,تفكير منطقي,اجتماعي (بتحب تختلط بالناس بكثرة ),دراسة فيها عملي (تطبيق),العمل الجماعي (ضمن فريق),4,نعم
9:58:40 م 2026/01/02,88,علم حاسوب,2,1,1,1,تفكير تحليلي,اجتماعي (بتحب تختلط بالناس بكثرة ),دراسة فيها عملي (تطبيق),العمل الجماعي (ضمن فريق),4,لا
11:24:02 م 2026/01/02,88,هندسة صناعية,3,2,5,4,تفكير منطقي,منطوي (ما بتحب كثير تختلط بالناس),مزيج بين النظري والعملي,الاثنين معا,3,لا
11:30:18 م 2026/01/02,88,تربية طفولة مبكره ,1,1,1,1,تفكير منطقي,اجتماعي (بتحب تختلط بالناس بكثرة ),مزيج بين النظري والعملي,الاثنين معا,2,نعم
11:37:50 م 2026/01/02,88,ذكاء اصطناعي ,2,3,1,1,تفكير منطقي,اجتماعي (بتحب تختلط بالناس بكثرة ),مزيج بين النظري والعملي,العمل الجماعي (ضمن فريق),3,نعم
11:43:10 م 2026/01/02,88,أمن سيبراني ,5,1,3,2,تفكير منطقي,منطوي (ما بتحب كثير تختلط بالناس),دراسة فيها عملي (تطبيق),العمل الفردي,1,لا
12:11:58 ص 2026/01/03,88,Mis,5,4,2,1,تفكير منطقي,اجتماعي (بتحب تختلط بالناس بكثرة ),مزيج بين النظري والعملي,العمل الفردي,1,نعم
11:12:25 ص 2026/01/03,88,رياضيات,4,2,2,1,تفكير تحليلي,اجتماعي (بتحب تختلط بالناس بكثرة ),مزيج بين النظري والعملي,الاثنين معا,3,لا
1:17:52 م 2026/01/03,88,محاسبة,3,2,5,4,تفكير منطقي,اجتماعي (بتحب تختلط بالناس بكثرة ),نظري,الاثنين معا,2,نعم
2:04:08 م 2026/01/03,88,جيولوجيا بيئية وتطبيقية ,3,3,3,3,تفكير تحليلي,اجتماعي (بتحب تختلط بالناس بكثرة ),نظري,الاثنين معا,2,نعم
2:16:20 م 2026/01/03,88,هندسة برمجيات,3,1,1,4,تفكير تحليلي,اجتماعي (بتحب تختلط بالناس بكثرة ),دراسة فيها عملي (تطبيق),الاثنين معا,1,نعم
4:19:48 م 2026/01/03,88,الهندسة الصناعية ,5,1,1,1,تفكير منطقي,اجتماعي (بتحب تختلط بالناس بكثرة ),مزيج بين النظري والعملي,الاثنين معا,1,لا
2:24:15 م 2026/01/03,88٫45,إرشاد نفسي ,2,3,3,2,تفكير منطقي,اجتماعي (بتحب تختلط بالناس بكثرة ),مزيج بين النظري والعملي,الاثنين معا,1,لا
11:48:10 م 2026/01/02,88٫5,اداره اعمال,5,1,5,2,تفكير منطقي,منطوي (ما بتحب كثير تختلط بالناس),مزيج بين النظري والعملي,العمل الفردي,2,لا
10:41:23 م 2026/01/02,89,علم حاسوب,4,1,1,3,تفكير منطقي,اجتماعي (بتحب تختلط بالناس بكثرة ),دراسة فيها عملي (تطبيق),الاثنين معا,4,نعم
11:25:16 م 2026/01/02,89,اللغه الانجليزيه وادابها ,3,2,2,3,تفكير منطقي,منطوي (ما بتحب كثير تختلط بالناس),مزيج بين النظري والعملي,الاثنين معا,2,نعم
11:43:14 م 2026/01/02,89,على بيانات والذكاء الاصطناعي ,2,1,1,1,تفكير منطقي,منطوي (ما بتحب كثير تختلط بالناس),مزيج بين النظري والعملي,الاثنين معا,4,نعم
12:42:59 ص 2026/01/03,89,محاسبه,3,2,5,5,تفكير تحليلي,اجتماعي (بتحب تختلط بالناس بكثرة ),مزيج بين النظري والعملي,الاثنين معا,4,نعم
7:46:05 ص 2026/01/03,89,علم البيانات والذكاء الاصطناعي ,4,2,3,2,تفكير منطقي,منطوي (ما بتحب كثير تختلط بالناس),دراسة فيها عملي (تطبيق),الاثنين معا,4,نعم
1:02:05 م 2026/01/03,89,علوم مالية و مصرفية ,3,4,5,4,تفكير منطقي,اجتماعي (بتحب تختلط بالناس بكثرة ),مزيج بين النظري والعملي,الاثنين معا,1,لا
4:54:53 م 2026/01/03,89,الامن السيبراني,2,1,2,4,تفكير منطقي,منطوي (ما بتحب كثير تختلط بالناس),مزيج بين النظري والعملي,العمل الفردي,3,نعم
12:59:45 م 2026/01/03,89٫5,علوم مالية ومصرفية ,2,1,5,1,تفكير منطقي,اجتماعي (بتحب تختلط بالناس بكثرة ),مزيج بين النظري والعملي,العمل الجماعي (ضمن فريق),2,لا
9:52:19 م 2026/01/02,90,علم بيانات وذكاء اصطناعي ,1,5,1,1,تفكير منطقي,منطوي (ما بتحب كثير تختلط بالناس),دراسة فيها عملي (تطبيق),الاثنين معا,4,لا
1:28:08 ص 2026/01/03,90,أمن سيبراني ,2,5,5,3,تفكير منطقي,منطوي (ما بتحب كثير تختلط بالناس),مزيج بين النظري والعملي,الاثنين معا,3,لا
3:17:11 ص 2026/01/03,90,امن سيبراني ,3,1,1,2,تفكير تحليلي,اجتماعي (بتحب تختلط بالناس بكثرة ),مزيج بين النظري والعملي,الاثنين معا,3,نعم
3:31:21 ص 2026/01/03,90,علم البيانات والذكاء الاصطناعي ,3,5,1,1,تفكير منطقي,اجتماعي (بتحب تختلط بالناس بكثرة ),دراسة فيها عملي (تطبيق),الاثنين معا,4,لا
10:09:50 ص 2026/01/03,90,محاسبة وقانون تجاري,2,1,3,1,تفكير منطقي,منطوي (ما بتحب كثير تختلط بالناس),دراسة فيها عملي (تطبيق),العمل الجماعي (ضمن فريق),2,نعم
10:50:47 ص 2026/01/03,90,نظم معلومات حاسوبية ,5,1,1,1,تفكير تحليلي,اجتماعي (بتحب تختلط بالناس بكثرة ),دراسة فيها عملي (تطبيق),الاثنين معا,4,لا
12:56:43 م 2026/01/03,90,هندسة برمجيات,4,3,4,4,تفكير تحليلي,اجتماعي (بتحب تختلط بالناس بكثرة ),دراسة فيها عملي (تطبيق),العمل الجماعي (ضمن فريق),1,لا
1:22:53 م 2026/01/03,90,اقتصاد,4,1,5,1,تفكير تحليلي,اجتماعي (بتحب تختلط بالناس بكثرة ),مزيج بين النظري والعملي,العمل الجماعي (ضمن فريق),2,نعم
1:45:57 م 2026/01/03,90,ذكاء اصطناعي,4,4,4,3,تفكير تحليلي,اجتماعي (بتحب تختلط بالناس بكثرة ),مزيج بين النظري والعملي,الاثنين معا,2,نعم
2:15:19 م 2026/01/03,90,أدب انجليزي ,4,2,1,2,تفكير منطقي,منطوي (ما بتحب كثير تختلط بالناس),مزيج بين النظري والعملي,العمل الفردي,2,نعم
2:29:37 م 2026/01/03,90,تسويق رقمي,4,1,3,3,تفكير منطقي,منطوي (ما بتحب كثير تختلط بالناس),دراسة فيها عملي (تطبيق),الاثنين معا,1,نعم
4:57:36 م 2026/01/03,90,صيدلة,3,4,1,1,تفكير منطقي,اجتماعي (بتحب تختلط بالناس بكثرة ),مزيج بين النظري والعملي,العمل الفردي,2,نعم
7:29:06 م 2026/01/03,90,تكنولوجيا ماليه ,5,1,1,1,تفكير تحليلي,اجتماعي (بتحب تختلط بالناس بكثرة ),مزيج بين النظري والعملي,الاثنين معا,1,نعم
8:23:53 م 2026/01/03,90,علوم المالية والمصرفية,2,1,3,3,تفكير منطقي,اجتماعي (بتحب تختلط بالناس بكثرة ),مزيج بين النظري والعملي,الاثنين معا,2,لا
9:37:02 م 2026/01/03,90,هندسة البرمجيات ,5,1,3,3,تفكير تحليلي,منطوي (ما بتحب كثير تختلط بالناس),مزيج بين النظري والعملي,الاثنين معا,1,لا
9:39:44 م 2026/01/03,90,معلم صف,3,1,4,3,تفكير منطقي,منطوي (ما بتحب كثير تختلط بالناس),مزيج بين النظري والعملي,العمل الفردي,4,نعم
9:41:55 م 2026/01/03,90,اداره اعمال ,4,4,3,3,تفكير تحليلي,اجتماعي (بتحب تختلط بالناس بكثرة ),مزيج بين النظري والعملي,العمل الجماعي (ضمن فريق),3,نعم
9:39:58 م 2026/01/02,91,ذكاء اصطناعي,3,2,1,1,تفكير تحليلي,منطوي (ما بتحب كثير تختلط بالناس),مزيج بين النظري والعملي,العمل الفردي,2,لا
9:42:04 م 2026/01/02,91,هندسة كهربائية,4,1,1,3,تفكير منطقي,اجتماعي (بتحب تختلط بالناس بكثرة ),دراسة فيها عملي (تطبيق),الاثنين معا,2,لا
10:23:53 م 2026/01/02,91,ذكاء اصطناعي,4,3,1,5,تفكير منطقي,اجتماعي (بتحب تختلط بالناس بكثرة ),دراسة فيها عملي (تطبيق),العمل الفردي,4,نعم
10:27:09 م 2026/01/02,91,علم الحاسوب,5,4,3,3,تفكير منطقي,منطوي (ما بتحب كثير تختلط بالناس),مزيج بين النظري والعملي,الاثنين معا,3,لا
1:53:55 م 2026/01/03,91,اللغة الانجليزية وادابها ,4,1,3,5,تفكير منطقي,اجتماعي (بتحب تختلط بالناس بكثرة ),مزيج بين النظري والعملي,العمل الجماعي (ضمن فريق),1,لا
2:10:51 م 2026/01/03,91,هندسة البرمجيات,5,2,3,1,تفكير منطقي,اجتماعي (بتحب تختلط بالناس بكثرة ),مزيج بين النظري والعملي,الاثنين معا,1,لا
2:26:01 م 2026/01/03,91,تكنولوجيا مالية,5,3,4,4,تفكير تحليلي,اجتماعي (بتحب تختلط بالناس بكثرة ),مزيج بين النظري والعملي,الاثنين معا,4,نعم
2:54:44 م 2026/01/03,91,تصوير طبي واشعاعي,5,4,1,4,تفكير تحليلي,اجتماعي (بتحب تختلط بالناس بكثرة ),دراسة فيها عملي (تطبيق),الاثنين معا,1,لا
11:08:03 م 2026/01/02,92,تربية خاصة ,1,1,1,1,تفكير تحليلي,منطوي (ما بتحب كثير تختلط بالناس),دراسة فيها عملي (تطبيق),العمل الفردي,1,لا
11:59:18 ص 2026/01/03,92,علم حاسرب ,4,1,1,1,تفكير منطقي,اجتماعي (بتحب تختلط بالناس بكثرة ),مزيج بين النظري والعملي,العمل الجماعي (ضمن فريق),1,لا
1:18:56 م 2026/01/03,92,الهندسة الطبية ,1,5,1,1,تفكير منطقي,اجتماعي (بتحب تختلط بالناس بكثرة ),مزيج بين النظري والعملي,العمل الجماعي (ضمن فريق),4,نعم
1:30:31 م 2026/01/03,92,تمريض,4,5,1,1,تفكير تحليلي,اجتماعي (بتحب تختلط بالناس بكثرة ),دراسة فيها عملي (تطبيق),الاثنين معا,2,نعم
1:54:21 م 2026/01/03,92,تمريض,2,5,2,3,تفكير منطقي,اجتماعي (بتحب تختلط بالناس بكثرة ),مزيج بين النظري والعملي,الاثنين معا,2,لا
4:02:36 م 2026/01/03,92,علوم الحاسوب,5,2,2,3,تفكير منطقي,اجتماعي (بتحب تختلط بالناس بكثرة ),مزيج بين النظري والعملي,الاثنين معا,1,لا
4:28:16 م 2026/01/03,92,ادب ودراسات ثقافيه باللغه الانجليزيه,2,2,2,5,تفكير منطقي,اجتماعي (بتحب تختلط بالناس بكثرة ),مزيج بين النظري والعملي,الاثنين معا,3,نعم
6:49:57 م 2026/01/03,92,إدارة أعمال ,3,1,5,3,تفكير منطقي,اجتماعي (بتحب تختلط بالناس بكثرة ),مزيج بين النظري والعملي,العمل الجماعي (ضمن فريق),3,لا
9:07:09 م 2026/01/03,92,علم الفلك,5,3,4,1,تفكير تحليلي,اجتماعي (بتحب تختلط بالناس بكثرة ),دراسة فيها عملي (تطبيق),الاثنين معا,4,لا
9:36:56 م 2026/01/03,92,صيدلة,4,5,3,5,تفكير منطقي,اجتماعي (بتحب تختلط بالناس بكثرة ),مزيج بين النظري والعملي,العمل الجماعي (ضمن فريق),3,نعم
12:56:29 ص 2026/01/03,93,علم البيانات والذكاء الاصطناعي,4,1,2,4,تفكير منطقي,منطوي (ما بتحب كثير تختلط بالناس),مزيج بين النظري والعملي,الاثنين معا,4,نعم
3:16:29 ص 2026/01/03,93,هندسة برمجيات ,5,3,2,1,تفكير منطقي,اجتماعي (بتحب تختلط بالناس بكثرة ),مزيج بين النظري والعملي,الاثنين معا,2,نعم
11:59:19 ص 2026/01/03,93,تمريض,4,5,1,3,تفكير منطقي,منطوي (ما بتحب كثير تختلط بالناس),مزيج بين النظري والعملي,الاثنين معا,2,نعم
12:41:20 م 2026/01/03,93,نظم معلومات إدارية ,3,1,4,2,تفكير منطقي,اجتماعي (بتحب تختلط بالناس بكثرة ),مزيج بين النظري والعملي,العمل الجماعي (ضمن فريق),2,لا
1:06:45 م 2026/01/03,93,الصيدلة,2,5,2,2,تفكير تحليلي,منطوي (ما بتحب كثير تختلط بالناس),مزيج بين النظري والعملي,الاثنين معا,1,نعم
1:11:52 م 2026/01/03,93,ادب انجليزي ,3,1,3,2,تفكير منطقي,منطوي (ما بتحب كثير تختلط بالناس),مزيج بين النظري والعملي,العمل الفردي,1,لا
1:54:37 م 2026/01/03,93,هندسة مساحة,3,1,3,2,تفكير تحليلي,اجتماعي (بتحب تختلط بالناس بكثرة ),دراسة فيها عملي (تطبيق),الاثنين معا,3,نعم
1:55:33 م 2026/01/03,93,هندسة الميكاترونكس ,5,3,2,1,تفكير منطقي,منطوي (ما بتحب كثير تختلط بالناس),دراسة فيها عملي (تطبيق),الاثنين معا,1,لا
2:22:17 م 2026/01/03,93,اخصائية صعوبات تعلم ,3,4,4,3,تفكير منطقي,اجتماعي (بتحب تختلط بالناس بكثرة ),دراسة فيها عملي (تطبيق),الاثنين معا,3,نعم
3:33:37 م 2026/01/03,93,تربية خاصة ,1,2,1,1,تفكير منطقي,منطوي (ما بتحب كثير تختلط بالناس),مزيج بين النظري والعملي,العمل الفردي,1,نعم
5:30:41 م 2026/01/03,93,اللغة العربية وآدابها ,1,1,1,4,تفكير منطقي,اجتماعي (بتحب تختلط بالناس بكثرة ),نظري,العمل الفردي,4,لا
7:28:29 م 2026/01/03,93,علم بيانات و ذكاء اصطناعي ,3,3,2,5,تفكير منطقي,منطوي (ما بتحب كثير تختلط بالناس),مزيج بين النظري والعملي,العمل الفردي,3,نعم
11:41:42 م 2026/01/02,94,محاسبة,4,2,4,4,تفكير منطقي,اجتماعي (بتحب تختلط بالناس بكثرة ),مزيج بين النظري والعملي,الاثنين معا,3,لا
11:43:30 م 2026/01/02,94,هندسة بمرجيات,5,1,1,1,تفكير تحليلي,منطوي (ما بتحب كثير تختلط بالناس),دراسة فيها عملي (تطبيق),العمل الفردي,1,لا
12:04:07 م 2026/01/03,94,علوم مالية,4,2,5,2,تفكير منطقي,اجتماعي (بتحب تختلط بالناس بكثرة ),مزيج بين النظري والعملي,الاثنين معا,1,نعم
12:09:53 م 2026/01/03,94,علوم طبية مخبرية ,4,5,1,1,تفكير منطقي,اجتماعي (بتحب تختلط بالناس بكثرة ),دراسة فيها عملي (تطبيق),العمل الجماعي (ضمن فريق),3,لا
1:04:16 م 2026/01/03,94,محاسبة وقانون تجاري,3,1,2,1,تفكير منطقي,منطوي (ما بتحب كثير تختلط بالناس),دراسة فيها عملي (تطبيق),العمل الجماعي (ضمن فريق),2,نعم
1:06:04 م 2026/01/03,94,محاسبة وقانون تجاري,3,2,5,4,تفكير تحليلي,اجتماعي (بتحب تختلط بالناس بكثرة ),دراسة فيها عملي (تطبيق),الاثنين معا,1,لا
2:20:46 م 2026/01/03,94,تسويق رقمي,5,1,4,5,تفكير تحليلي,اجتماعي (بتحب تختلط بالناس بكثرة ),دراسة فيها عملي (تطبيق),الاثنين معا,1,نعم
3:06:39 م 2026/01/03,94,صيدلة,3,3,2,4,تفكير منطقي,منطوي (ما بتحب كثير تختلط بالناس),دراسة فيها عملي (تطبيق),الاثنين معا,3,نعم
3:51:45 م 2026/01/03,94,تمريض,3,4,1,2,تفكير تحليلي,اجتماعي (بتحب تختلط بالناس بكثرة ),مزيج بين النظري والعملي,الاثنين معا,1,لا
7:58:34 م 2026/01/03,94,هندسة صناعية,5,3,4,3,تفكير منطقي,اجتماعي (بتحب تختلط بالناس بكثرة ),مزيج بين النظري والعملي,الاثنين معا,1,لا
8:59:13 م 2026/01/03,94,علوم الحاسوب,5,3,2,4,تفكير منطقي,اجتماعي (بتحب تختلط بالناس بكثرة ),مزيج بين النظري والعملي,الاثنين معا,1,لا
9:38:11 م 2026/01/02,95,علم البيانات والذكاء الاصطناعي,5,5,1,1,تفكير منطقي,اجتماعي (بتحب تختلط بالناس بكثرة ),دراسة فيها عملي (تطبيق),الاثنين معا,3,نعم
2:17:29 ص 2026/01/03,95,علم حاسوب,2,5,1,1,تفكير تحليلي,منطوي (ما بتحب كثير تختلط بالناس),مزيج بين النظري والعملي,العمل الفردي,4,لا
11:56:19 ص 2026/01/03,95,امن سيبراني,2,4,3,1,تفكير منطقي,اجتماعي (بتحب تختلط بالناس بكثرة ),مزيج بين النظري والعملي,الاثنين معا,3,نعم
3:17:43 م 2026/01/03,95,هندسة الكترونية,5,1,4,2,تفكير منطقي,اجتماعي (بتحب تختلط بالناس بكثرة ),مزيج بين النظري والعملي,العمل الفردي,1,لا
3:19:27 م 2026/01/03,95,هندسه برمجيات ,1,5,1,1,تفكير منطقي,اجتماعي (بتحب تختلط بالناس بكثرة ),دراسة فيها عملي (تطبيق),الاثنين معا,3,نعم
3:45:13 م 2026/01/03,95,علم البينات والذكاء الاصطناعي ,4,1,1,1,تفكير تحليلي,منطوي (ما بتحب كثير تختلط بالناس),دراسة فيها عملي (تطبيق),العمل الفردي,1,لا
9:37:56 م 2026/01/02,95٫2,اللغة الإنجليزية و آدابها ,3,1,1,3,تفكير منطقي,اجتماعي (بتحب تختلط بالناس بكثرة ),مزيج بين النظري والعملي,الاثنين معا,3,لا
2:43:42 م 2026/01/03,96,علم البيانات والذكاء الاصطناعي ,2,3,1,4,تفكير تحليلي,اجتماعي (بتحب تختلط بالناس بكثرة ),مزيج بين النظري والعملي,العمل الفردي,1,لا
11:55:09 م 2026/01/02,96٫76,الذكاء الاصطناعي ,4,3,1,1,تفكير منطقي,اجتماعي (بتحب تختلط بالناس بكثرة ),دراسة فيها عملي (تطبيق),الاثنين معا,3,لا
2:14:09 ص 2026/01/03,97,تمريض,3,4,1,4,تفكير تحليلي,اجتماعي (بتحب تختلط بالناس بكثرة ),دراسة فيها عملي (تطبيق),الاثنين معا,4,لا
12:03:19 م 2026/01/03,97,طب اسنان ,1,5,1,1,تفكير تحليلي,اجتماعي (بتحب تختلط بالناس بكثرة ),مزيج بين النظري والعملي,العمل الفردي,1,لا
9:47:53 م 2026/01/02,98,امن سيبراني ,4,5,5,2,تفكير منطقي,منطوي (ما بتحب كثير تختلط بالناس),دراسة فيها عملي (تطبيق),العمل الفردي,1,نعم
11:28:50 م 2026/01/02,98,هندسة,4,5,2,2,تفكير تحليلي,اجتماعي (بتحب تختلط بالناس بكثرة ),مزيج بين النظري والعملي,العمل الجماعي (ضمن فريق),1,نعم
1:14:05 م 2026/01/03,98,معلم صف🎀,3,1,1,3,تفكير منطقي,منطوي (ما بتحب كثير تختلط بالناس),مزيج بين النظري والعملي,الاثنين معا,2,لا
3:11:35 م 2026/01/03,98٫6,هندسة صناعية ,4,2,1,1,تفكير منطقي,منطوي (ما بتحب كثير تختلط بالناس),دراسة فيها عملي (تطبيق),العمل الفردي,2,لا
1:00:35 ص 2026/01/03,99,طب بيطري,5,5,1,5,تفكير منطقي,اجتماعي (بتحب تختلط بالناس بكثرة ),دراسة فيها عملي (تطبيق),العمل الجماعي (ضمن فريق),1,نعم
12:10:51 م 2026/01/03,99,انظمه معلومات حاسوبيه ,3,4,4,2,تفكير تحليلي,منطوي (ما بتحب كثير تختلط بالناس),مزيج بين النظري والعملي,الاثنين معا,1,لا
5:16:25 م 2026/01/03,99,طب بشري,4,5,3,3,تفكير منطقي,اجتماعي (بتحب تختلط بالناس بكثرة ),مزيج بين النظري والعملي,الاثنين معا,4,لا
2:06:17 ص 2026/01/03,2.60,BIT,3,5,3,3,تفكير منطقي,منطوي (ما بتحب كثير تختلط بالناس),دراسة فيها عملي (تطبيق),الاثنين معا,2,نعم
5:47:14 م 2026/01/03,2.7,هندسة برمجيات ,5,1,4,3,تفكير تحليلي,اجتماعي (بتحب تختلط بالناس بكثرة ),مزيج بين النظري والعملي,الاثنين معا,4,نعم
10:24:21 م 2026/01/02,3.05,نظم معلومات حاسوبية,3,1,4,2,تفكير تحليلي,منطوي (ما بتحب كثير تختلط بالناس),مزيج بين النظري والعملي,الاثنين معا,3,لا
2:16:28 م 2026/01/03,60.1,التصميم الداخلي ,3,4,5,5,تفكير تحليلي,منطوي (ما بتحب كثير تختلط بالناس),دراسة فيها عملي (تطبيق),العمل الفردي,1,لا
8:35:31 ص 2026/01/03,63.2,محاسبة,3,1,5,2,تفكير منطقي,اجتماعي (بتحب تختلط بالناس بكثرة ),دراسة فيها عملي (تطبيق),الاثنين معا,2,لا
11:55:27 ص 2026/01/03,65.20,الأمن السيبراني ,3,2,4,3,تفكير تحليلي,منطوي (ما بتحب كثير تختلط بالناس),مزيج بين النظري والعملي,العمل الفردي,4,نعم
1:50:31 ص 2026/01/03,65.9,تكنولوجيا معلومات الاعمال ,2,4,2,3,تفكير منطقي,منطوي (ما بتحب كثير تختلط بالناس),مزيج بين النظري والعملي,العمل الجماعي (ضمن فريق),2,نعم
1:15:41 م 2026/01/03,65.9,الذكاء الاصطناعي,5,5,5,5,تفكير منطقي,اجتماعي (بتحب تختلط بالناس بكثرة ),دراسة فيها عملي (تطبيق),الاثنين معا,4,نعم
12:54:15 م 2026/01/03,66.3,علم البيانات و الذكاء الاصطناعي ,1,5,1,5,تفكير منطقي,منطوي (ما بتحب كثير تختلط بالناس),دراسة فيها عملي (تطبيق),الاثنين معا,3,نعم
12:52:14 م 2026/01/03,67.50,محاسبة,2,1,5,2,تفكير منطقي,اجتماعي (بتحب تختلط بالناس بكثرة ),مزيج بين النظري والعملي,الاثنين معا,3,نعم
12:54:14 م 2026/01/03,69.75,تسويق وقمي,3,1,2,4,تفكير تحليلي,اجتماعي (بتحب تختلط بالناس بكثرة ),دراسة فيها عملي (تطبيق),العمل الجماعي (ضمن فريق),2,لا
3:36:55 م 2026/01/03,70.2,علم المحافظه على الآثار ,5,2,2,3,تفكير تحليلي,منطوي (ما بتحب كثير تختلط بالناس),مزيج بين النظري والعملي,العمل الجماعي (ضمن فريق),4,نعم
11:54:10 ص 2026/01/03,70.3,تأهيل رياضي ,1,5,1,1,تفكير منطقي,اجتماعي (بتحب تختلط بالناس بكثرة ),مزيج بين النظري والعملي,العمل الفردي,4,نعم
2:14:00 م 2026/01/03,70.63,Risk management and insurance ,3,5,1,2,تفكير منطقي,منطوي (ما بتحب كثير تختلط بالناس),مزيج بين النظري والعملي,الاثنين معا,3,نعم
3:16:35 م 2026/01/03,71.5,القانون,3,2,1,3,تفكير منطقي,منطوي (ما بتحب كثير تختلط بالناس),نظري,العمل الفردي,1,لا
2:16:44 م 2026/01/03,71.6,تكنولوجيا مالية ,4,2,4,2,تفكير منطقي,منطوي (ما بتحب كثير تختلط بالناس),دراسة فيها عملي (تطبيق),الاثنين معا,1,لا
11:48:07 م 2026/01/02,72.05,Applied microbiology ,4,2,4,5,تفكير منطقي,منطوي (ما بتحب كثير تختلط بالناس),مزيج بين النظري والعملي,الاثنين معا,1,لا
11:37:00 م 2026/01/02,72.30,التاريخ,3,3,5,4,تفكير منطقي,اجتماعي (بتحب تختلط بالناس بكثرة ),مزيج بين النظري والعملي,العمل الجماعي (ضمن فريق),1,نعم
2:11:14 م 2026/01/03,72.45,فيزياء تطبيقية,3,5,1,3,تفكير منطقي,منطوي (ما بتحب كثير تختلط بالناس),مزيج بين النظري والعملي,الاثنين معا,1,نعم
5:10:45 م 2026/01/03,72.5,Business information systems,5,5,5,5,تفكير تحليلي,منطوي (ما بتحب كثير تختلط بالناس),مزيج بين النظري والعملي,العمل الجماعي (ضمن فريق),1,لا
12:42:02 ص 2026/01/03,73.5,هندسة البرمجيات ,5,3,1,1,تفكير منطقي,منطوي (ما بتحب كثير تختلط بالناس),دراسة فيها عملي (تطبيق),العمل الجماعي (ضمن فريق),3,نعم
11:59:54 ص 2026/01/03,73.5,جيولوجيا ,3,2,3,2,تفكير تحليلي,منطوي (ما بتحب كثير تختلط بالناس),مزيج بين النظري والعملي,العمل الفردي,1,نعم
5:04:14 ص 2026/01/03,73.65,هندسه البرمجيات,2,5,1,1,تفكير تحليلي,منطوي (ما بتحب كثير تختلط بالناس),مزيج بين النظري والعملي,العمل الفردي,3,نعم
1:32:00 م 2026/01/03,73.7,تمريض,3,4,1,3,تفكير تحليلي,اجتماعي (بتحب تختلط بالناس بكثرة ),دراسة فيها عملي (تطبيق),الاثنين معا,2,لا
1:19:07 م 2026/01/03,٧٣🥲,ادب عربي ,3,2,4,4,تفكير منطقي,اجتماعي (بتحب تختلط بالناس بكثرة ),مزيج بين النظري والعملي,الاثنين معا,3,نعم
12:21:54 م 2026/01/03,74.4,٧٤.٤,5,1,3,2,تفكير تحليلي,اجتماعي (بتحب تختلط بالناس بكثرة ),دراسة فيها عملي (تطبيق),العمل الجماعي (ضمن فريق),3,نعم
1:38:04 ص 2026/01/03,74.44,محاسبه عشت,3,1,5,2,تفكير منطقي,منطوي (ما بتحب كثير تختلط بالناس),دراسة فيها عملي (تطبيق),الاثنين معا,4,لا
1:48:51 ص 2026/01/03,74.45,علم التمريض,2,5,1,1,تفكير تحليلي,اجتماعي (بتحب تختلط بالناس بكثرة ),دراسة فيها عملي (تطبيق),العمل الجماعي (ضمن فريق),3,نعم
4:06:07 م 2026/01/03,74.5,اللغة الإنجليزية وآدابها ,5,5,1,3,تفكير تحليلي,اجتماعي (بتحب تختلط بالناس بكثرة ),مزيج بين النظري والعملي,الاثنين معا,2,نعم
6:29:06 م 2026/01/03,74.5,علم البيانات والذكاء الاصطناعي ,5,5,3,3,تفكير منطقي,اجتماعي (بتحب تختلط بالناس بكثرة ),مزيج بين النظري والعملي,الاثنين معا,1,لا
8:48:02 م 2026/01/03,74.5,انظمة معلومات حاسوبية,5,1,2,1,تفكير منطقي,منطوي (ما بتحب كثير تختلط بالناس),دراسة فيها عملي (تطبيق),العمل الجماعي (ضمن فريق),1,لا
11:22:44 م 2026/01/02,٧٤.٧٥,نظم المعلومات الحاسوبية,2,1,1,2,تفكير منطقي,منطوي (ما بتحب كثير تختلط بالناس),مزيج بين النظري والعملي,الاثنين معا,4,نعم
11:33:32 م 2026/01/02,75.5,تمريض,2,4,1,1,تفكير منطقي,اجتماعي (بتحب تختلط بالناس بكثرة ),دراسة فيها عملي (تطبيق),العمل الفردي,3,نعم
3:15:00 م 2026/01/03,75.80,إدارة موارد تراثية ومتاحف,2,4,4,4,تفكير منطقي,اجتماعي (بتحب تختلط بالناس بكثرة ),دراسة فيها عملي (تطبيق),الاثنين معا,2,لا
11:21:21 م 2026/01/02,75.85,امن المعلومات والادله الرقميه,1,5,1,3,تفكير تحليلي,منطوي (ما بتحب كثير تختلط بالناس),مزيج بين النظري والعملي,العمل الجماعي (ضمن فريق),4,نعم
12:00:49 م 2026/01/03,76.15,علاقات دوليه ودراسات استراتيجيه ,4,1,5,2,تفكير تحليلي,اجتماعي (بتحب تختلط بالناس بكثرة ),مزيج بين النظري والعملي,الاثنين معا,2,نعم
12:42:22 م 2026/01/03,76.15,العلاقات الدولية والدراسات الاستراتيجية,3,2,4,2,تفكير تحليلي,اجتماعي (بتحب تختلط بالناس بكثرة ),مزيج بين النظري والعملي,الاثنين معا,2,نعم
6:51:57 م 2025/12/31,76.6,علم بيانات وذكاء اصطناعي ,2,4,1,2,تفكير منطقي,اجتماعي (بتحب تختلط بالناس بكثرة ),دراسة فيها عملي (تطبيق),الاثنين معا,3,نعم
10:48:24 م 2026/01/02,٧٦.٦,امن سيبراني,5,1,1,1,تفكير منطقي,اجتماعي (بتحب تختلط بالناس بكثرة ),دراسة فيها عملي (تطبيق),العمل الجماعي (ضمن فريق),4,لا
11:51:58 م 2026/01/02,76.6,علم بيانات و ذكاء اصطناعي ,2,1,1,1,تفكير منطقي,اجتماعي (بتحب تختلط بالناس بكثرة ),دراسة فيها عملي (تطبيق),العمل الفردي,4,نعم
12:04:12 م 2026/01/03,76.7,الإدارة السياحية ,4,1,1,1,تفكير منطقي,اجتماعي (بتحب تختلط بالناس بكثرة ),مزيج بين النظري والعملي,الاثنين معا,4,نعم
6:12:09 م 2026/01/03,٧٦.٨٥,3025,2,1,1,1,تفكير منطقي,منطوي (ما بتحب كثير تختلط بالناس),دراسة فيها عملي (تطبيق),الاثنين معا,1,نعم
5:40:31 م 2026/01/03,77.35,إدارة المخاطر والتأمين ,3,2,5,4,تفكير منطقي,اجتماعي (بتحب تختلط بالناس بكثرة ),مزيج بين النظري والعملي,الاثنين معا,1,لا
12:05:47 م 2026/01/03,77.45🙂,معلم صف ,2,3,3,3,تفكير منطقي,اجتماعي (بتحب تختلط بالناس بكثرة ),مزيج بين النظري والعملي,الاثنين معا,2,لا
2:24:51 م 2026/01/03,77.55,تمريض,3,5,2,2,تفكير منطقي,منطوي (ما بتحب كثير تختلط بالناس),مزيج بين النظري والعملي,الاثنين معا,4,لا
11:54:06 ص 2026/01/03,77.8,اداره وتدريب رياضي ,2,1,2,3,تفكير منطقي,اجتماعي (بتحب تختلط بالناس بكثرة ),مزيج بين النظري والعملي,العمل الجماعي (ضمن فريق),2,نعم
1:19:49 م 2026/01/03,77.8,علم حاسوب,5,1,3,4,تفكير تحليلي,اجتماعي (بتحب تختلط بالناس بكثرة ),دراسة فيها عملي (تطبيق),العمل الجماعي (ضمن فريق),2,لا
1:13:43 ص 2026/01/03,78.10,علم حاسوب ,4,1,1,1,تفكير منطقي,منطوي (ما بتحب كثير تختلط بالناس),مزيج بين النظري والعملي,الاثنين معا,1,لا
12:25:33 م 2026/01/03,78.20,علم تمريض,5,5,3,2,تفكير منطقي,منطوي (ما بتحب كثير تختلط بالناس),دراسة فيها عملي (تطبيق),الاثنين معا,1,لا
1:30:27 م 2026/01/03,78.5,اقتصاد مالي ,2,1,5,1,تفكير منطقي,اجتماعي (بتحب تختلط بالناس بكثرة ),دراسة فيها عملي (تطبيق),العمل الجماعي (ضمن فريق),1,لا
11:18:17 م 2026/01/02,79.4,أمن معلومات وأدلة رقمية ,3,1,1,1,تفكير منطقي,اجتماعي (بتحب تختلط بالناس بكثرة ),مزيج بين النظري والعملي,الاثنين معا,4,لا
3:10:26 م 2026/01/03,79.5,العلوم الحياتية,4,5,1,2,تفكير تحليلي,منطوي (ما بتحب كثير تختلط بالناس),دراسة فيها عملي (تطبيق),الاثنين معا,1,لا
12:50:39 م 2026/01/01,79.6,علم حاسوب ,5,1,2,4,تفكير تحليلي,اجتماعي (بتحب تختلط بالناس بكثرة ),دراسة فيها عملي (تطبيق),العمل الجماعي (ضمن فريق),4,لا
3:13:00 م 2026/01/03,79.6,أحياء,2,3,2,4,تفكير منطقي,اجتماعي (بتحب تختلط بالناس بكثرة ),دراسة فيها عملي (تطبيق),الاثنين معا,1,لا
12:21:07 م 2026/01/03,80.2,علم حاسوب,5,4,4,1,تفكير تحليلي,اجتماعي (بتحب تختلط بالناس بكثرة ),مزيج بين النظري والعملي,العمل الفردي,2,لا
7:13:25 م 2026/01/03,80.20,هندسة البرمجيات ,5,2,3,3,تفكير منطقي,اجتماعي (بتحب تختلط بالناس بكثرة ),مزيج بين النظري والعملي,العمل الجماعي (ضمن فريق),1,لا
11:29:32 م 2026/01/02,80.30,تسويق رقمي ,5,3,4,4,تفكير منطقي,اجتماعي (بتحب تختلط بالناس بكثرة ),دراسة فيها عملي (تطبيق),الاثنين معا,1,لا
9:56:55 م 2026/01/02,٨٠.٣٥,نظم معلومات صحية ,4,4,1,1,تفكير منطقي,اجتماعي (بتحب تختلط بالناس بكثرة ),مزيج بين النظري والعملي,الاثنين معا,3,نعم
8:17:17 م 2026/01/03,80.45,الذكاء الاصطناعي وعلم البيانات ,3,1,1,1,تفكير تحليلي,اجتماعي (بتحب تختلط بالناس بكثرة ),مزيج بين النظري والعملي,العمل الفردي,3,لا
1:20:31 م 2026/01/03,80.5,الإدارة السياحية,2,1,5,3,تفكير منطقي,منطوي (ما بتحب كثير تختلط بالناس),دراسة فيها عملي (تطبيق),الاثنين معا,2,نعم
2:05:14 م 2026/01/03,80.5,هندسة الذكاء الاصطناعي ,4,1,2,3,تفكير تحليلي,اجتماعي (بتحب تختلط بالناس بكثرة ),مزيج بين النظري والعملي,الاثنين معا,1,لا
2:15:13 م 2026/01/03,80.5,تحاليل طبية مخبرية ,4,5,4,2,تفكير منطقي,اجتماعي (بتحب تختلط بالناس بكثرة ),مزيج بين النظري والعملي,الاثنين معا,2,لا
12:53:01 م 2026/01/03,80.85,معلم صف اناث ,3,1,2,4,تفكير تحليلي,منطوي (ما بتحب كثير تختلط بالناس),مزيج بين النظري والعملي,الاثنين معا,1,لا
11:50:21 ص 2026/01/03,80.9,معلم صف ,1,1,1,3,تفكير منطقي,اجتماعي (بتحب تختلط بالناس بكثرة ),مزيج بين النظري والعملي,العمل الفردي,1,لا
3:13:31 م 2026/01/03,80.90,تكنولوجيا مالية وإدارة مخاطر ,3,1,5,2,تفكير منطقي,منطوي (ما بتحب كثير تختلط بالناس),دراسة فيها عملي (تطبيق),الاثنين معا,1,لا
2:51:01 م 2026/01/03,80.95,هندسة حاسوب,5,1,1,4,تفكير تحليلي,منطوي (ما بتحب كثير تختلط بالناس),دراسة فيها عملي (تطبيق),العمل الفردي,1,نعم
2:57:25 م 2026/01/03,81.05,جيولوجيا وبيئة,5,1,1,1,تفكير منطقي,منطوي (ما بتحب كثير تختلط بالناس),دراسة فيها عملي (تطبيق),العمل الفردي,2,نعم
6:44:34 م 2026/01/03,81.05,محاسبة تطبيقية ,5,1,5,5,تفكير منطقي,اجتماعي (بتحب تختلط بالناس بكثرة ),مزيج بين النظري والعملي,العمل الجماعي (ضمن فريق),3,نعم
5:25:21 م 2026/01/03,81.1,هندسة كيميائية ,2,3,3,3,تفكير تحليلي,اجتماعي (بتحب تختلط بالناس بكثرة ),دراسة فيها عملي (تطبيق),العمل الجماعي (ضمن فريق),1,لا
8:17:20 م 2026/01/03,81.25,هندسة الإلكترونيات,3,1,1,1,تفكير تحليلي,اجتماعي (بتحب تختلط بالناس بكثرة ),دراسة فيها عملي (تطبيق),العمل الجماعي (ضمن فريق),2,لا
1:04:59 ص 2026/01/03,٨١.٣,علم التمريض,1,5,2,4,تفكير تحليلي,اجتماعي (بتحب تختلط بالناس بكثرة ),مزيج بين النظري والعملي,الاثنين معا,1,لا
1:43:34 ص 2026/01/03,٨١.٣,أمن المعلومات و الادلة الرقمية ,5,2,4,3,تفكير منطقي,اجتماعي (بتحب تختلط بالناس بكثرة ),مزيج بين النظري والعملي,الاثنين معا,2,نعم
2:09:54 م 2026/01/03,81.4,المحاسبة,2,1,5,3,تفكير منطقي,اجتماعي (بتحب تختلط بالناس بكثرة ),مزيج بين النظري والعملي,الاثنين معا,1,لا
4:37:52 م 2026/01/03,81.40,أمن طيران وسلامة جوية,5,1,2,3,تفكير تحليلي,اجتماعي (بتحب تختلط بالناس بكثرة ),مزيج بين النظري والعملي,الاثنين معا,1,لا
12:38:15 م 2026/01/03,81.55,العلاقات الدولية و الدراسات الاستراتيجية,4,2,5,2,تفكير تحليلي,اجتماعي (بتحب تختلط بالناس بكثرة ),مزيج بين النظري والعملي,العمل الجماعي (ضمن فريق),2,نعم
12:13:19 ص 2026/01/03,81.85,هندسة برمجيات,4,4,5,3,تفكير تحليلي,اجتماعي (بتحب تختلط بالناس بكثرة ),دراسة فيها عملي (تطبيق),الاثنين معا,4,لا
2:45:18 م 2026/01/03,82.05,ادارة المخاطر والتامين ,3,4,1,1,تفكير منطقي,منطوي (ما بتحب كثير تختلط بالناس),مزيج بين النظري والعملي,الاثنين معا,2,نعم
12:52:46 ص 2026/01/03,82.3,الامن السبراني,3,2,2,2,تفكير تحليلي,اجتماعي (بتحب تختلط بالناس بكثرة ),مزيج بين النظري والعملي,الاثنين معا,2,نعم
12:14:11 م 2026/01/03,82.3,ادارة فنادق ,5,3,5,2,تفكير منطقي,اجتماعي (بتحب تختلط بالناس بكثرة ),مزيج بين النظري والعملي,الاثنين معا,1,لا
2:20:10 م 2026/01/03,82.3,الامن السيبراني,4,4,3,3,تفكير تحليلي,اجتماعي (بتحب تختلط بالناس بكثرة ),مزيج بين النظري والعملي,الاثنين معا,2,نعم
11:44:44 م 2026/01/02,٨٢.٣٠,علم بيانات وذكاء اصطناعي ,1,5,1,1,تفكير منطقي,اجتماعي (بتحب تختلط بالناس بكثرة ),مزيج بين النظري والعملي,العمل الجماعي (ضمن فريق),1,لا
1:12:57 م 2026/01/03,82.5,هندسة صناعية ,4,3,5,2,تفكير منطقي,منطوي (ما بتحب كثير تختلط بالناس),دراسة فيها عملي (تطبيق),الاثنين معا,3,نعم
1:19:17 م 2026/01/03,82.5 ,الذكاء الاصطناعي ,3,1,1,2,تفكير تحليلي,اجتماعي (بتحب تختلط بالناس بكثرة ),دراسة فيها عملي (تطبيق),الاثنين معا,1,نعم
2:50:03 م 2026/01/03,83 .75,تربية خاصة ,2,4,1,2,تفكير تحليلي,منطوي (ما بتحب كثير تختلط بالناس),مزيج بين النظري والعملي,الاثنين معا,3,نعم
11:29:04 م 2026/01/02,83.4,هندسة كيميائية ,1,3,1,1,تفكير تحليلي,اجتماعي (بتحب تختلط بالناس بكثرة ),مزيج بين النظري والعملي,العمل الفردي,1,نعم
9:46:27 م 2026/01/02,83.55,نظم معلومات اداريه ,3,3,2,5,تفكير منطقي,منطوي (ما بتحب كثير تختلط بالناس),مزيج بين النظري والعملي,الاثنين معا,3,نعم
6:51:54 م 2025/12/31,83.6,علم بيانات وذكاء اصطناعي ,4,3,5,5,تفكير تحليلي,منطوي (ما بتحب كثير تختلط بالناس),دراسة فيها عملي (تطبيق),الاثنين معا,2,نعم
11:39:11 م 2026/01/02,83.7,علم بيانات و ذكاء اصطناعي ,4,3,1,5,تفكير تحليلي,اجتماعي (بتحب تختلط بالناس بكثرة ),مزيج بين النظري والعملي,العمل الفردي,3,نعم
11:47:18 م 2026/01/02,83.7,اسباني- انجليزي ,2,1,1,1,تفكير منطقي,منطوي (ما بتحب كثير تختلط بالناس),مزيج بين النظري والعملي,الاثنين معا,1,لا
1:24:59 م 2026/01/03,83.7,معلم تربية فنية ,1,1,5,1,تفكير منطقي,منطوي (ما بتحب كثير تختلط بالناس),دراسة فيها عملي (تطبيق),الاثنين معا,4,نعم
9:06:00 م 2025/12/31,83.7 ,علم حاسوب,5,4,4,3,تفكير تحليلي,منطوي (ما بتحب كثير تختلط بالناس),مزيج بين النظري والعملي,العمل الفردي,4,نعم
9:39:15 م 2026/01/03,84.1,كيمياء,4,4,3,3,تفكير منطقي,منطوي (ما بتحب كثير تختلط بالناس),مزيج بين النظري والعملي,الاثنين معا,2,نعم
12:08:59 ص 2026/01/03,84.35,علم البيانات والذكاء الاصطناعي ,1,5,1,1,تفكير تحليلي,اجتماعي (بتحب تختلط بالناس بكثرة ),مزيج بين النظري والعملي,الاثنين معا,3,نعم
1:19:57 ص 2026/01/03,84.4,نظم معلومات حاسوبية,5,1,3,5,تفكير تحليلي,منطوي (ما بتحب كثير تختلط بالناس),مزيج بين النظري والعملي,العمل الفردي,3,نعم
7:59:42 م 2026/01/03,84.5,هندسه ميكانيك ,2,2,2,3,تفكير تحليلي,اجتماعي (بتحب تختلط بالناس بكثرة ),مزيج بين النظري والعملي,الاثنين معا,3,نعم
1:30:52 م 2026/01/03,84.6,اداره فنادق,1,1,5,3,تفكير منطقي,اجتماعي (بتحب تختلط بالناس بكثرة ),دراسة فيها عملي (تطبيق),الاثنين معا,2,نعم
12:14:45 م 2026/01/03,84.9,علم التمريض ,4,5,3,2,تفكير تحليلي,اجتماعي (بتحب تختلط بالناس بكثرة ),مزيج بين النظري والعملي,الاثنين معا,1,لا
3:51:57 م 2026/01/03,٨٤.٩٥,التربيه الخاصه ,3,4,1,1,تفكير تحليلي,اجتماعي (بتحب تختلط بالناس بكثرة ),دراسة فيها عملي (تطبيق),الاثنين معا,2,نعم
2:18:15 م 2026/01/03,85.1,الأمن السيبراني ,4,1,3,3,تفكير منطقي,منطوي (ما بتحب كثير تختلط بالناس),مزيج بين النظري والعملي,الاثنين معا,3,نعم
11:17:09 م 2026/01/02,85.25,علم الحاسوب وتطبيقاته,3,5,5,5,تفكير منطقي,اجتماعي (بتحب تختلط بالناس بكثرة ),دراسة فيها عملي (تطبيق),الاثنين معا,1,لا
1:46:07 ص 2026/01/03,85.3,هندسة مدنية,3,4,1,1,تفكير تحليلي,اجتماعي (بتحب تختلط بالناس بكثرة ),دراسة فيها عملي (تطبيق),الاثنين معا,1,لا
12:10:13 ص 2026/01/03,85.5,تمريض ,4,1,5,4,تفكير منطقي,اجتماعي (بتحب تختلط بالناس بكثرة ),مزيج بين النظري والعملي,العمل الجماعي (ضمن فريق),1,لا
1:50:07 م 2026/01/03,85.5,تكنولوجيا معلومات الاعمال,3,1,4,1,تفكير تحليلي,اجتماعي (بتحب تختلط بالناس بكثرة ),مزيج بين النظري والعملي,العمل الجماعي (ضمن فريق),1,لا
10:15:58 م 2026/01/02,85.61,علم البيانات والذكاء الاصطناعي ,3,1,5,1,تفكير تحليلي,اجتماعي (بتحب تختلط بالناس بكثرة ),دراسة فيها عملي (تطبيق),الاثنين معا,4,لا
2:55:20 م 2026/01/03,85.85,علاقات دوليه و دراسات استراتيجية ,3,1,4,2,تفكير منطقي,اجتماعي (بتحب تختلط بالناس بكثرة ),مزيج بين النظري والعملي,العمل الجماعي (ضمن فريق),3,نعم
9:40:47 م 2026/01/03,85.90,الادارة السياحية,3,1,4,1,تفكير تحليلي,اجتماعي (بتحب تختلط بالناس بكثرة ),دراسة فيها عملي (تطبيق),الاثنين معا,2,نعم
11:48:02 ص 2026/01/03,85.95 ,تربيه طفولة مبكرة ,2,2,2,3,تفكير منطقي,اجتماعي (بتحب تختلط بالناس بكثرة ),مزيج بين النظري والعملي,الاثنين معا,2,نعم
9:52:27 ص 2026/01/03,86.05,ذكاء اصطناعي ,2,3,1,3,تفكير منطقي,اجتماعي (بتحب تختلط بالناس بكثرة ),دراسة فيها عملي (تطبيق),الاثنين معا,3,نعم
11:15:03 م 2026/01/02,86.10,الأمن السيبراني,1,2,1,1,تفكير منطقي,منطوي (ما بتحب كثير تختلط بالناس),دراسة فيها عملي (تطبيق),الاثنين معا,1,لا
2:07:13 ص 2026/01/03,86.2,هندسة مدنية,2,3,1,1,تفكير تحليلي,منطوي (ما بتحب كثير تختلط بالناس),مزيج بين النظري والعملي,العمل الفردي,4,لا
2:18:08 م 2026/01/03,86.2,ذكاء اصطناعي ,3,2,1,1,تفكير تحليلي,اجتماعي (بتحب تختلط بالناس بكثرة ),دراسة فيها عملي (تطبيق),الاثنين معا,2,نعم
4:08:56 م 2026/01/03,86.3 ,تربية خاصة ,3,4,3,1,تفكير تحليلي,اجتماعي (بتحب تختلط بالناس بكثرة ),دراسة فيها عملي (تطبيق),العمل الجماعي (ضمن فريق),4,نعم
12:17:09 ص 2026/01/03,86.5,علم البيانات والذكاء الاصطناعي ,5,5,5,3,تفكير تحليلي,منطوي (ما بتحب كثير تختلط بالناس),مزيج بين النظري والعملي,العمل الفردي,2,نعم
1:04:19 م 2026/01/03,86.6,ادارة أعمال ,2,1,5,1,تفكير تحليلي,منطوي (ما بتحب كثير تختلط بالناس),مزيج بين النظري والعملي,الاثنين معا,3,نعم
3:01:41 م 2026/01/03,87.00,معلم صف ,2,1,2,3,تفكير منطقي,اجتماعي (بتحب تختلط بالناس بكثرة ),مزيج بين النظري والعملي,الاثنين معا,3,نعم
7:20:14 م 2026/01/03,87.00,علم الحاسوب وتطبيقاته ,5,3,4,3,تفكير تحليلي,منطوي (ما بتحب كثير تختلط بالناس),مزيج بين النظري والعملي,العمل الجماعي (ضمن فريق),2,لا
9:54:48 م 2026/01/02,87.05,علم البيانات والذكاء الاصطناعي ,3,1,1,1,تفكير تحليلي,اجتماعي (بتحب تختلط بالناس بكثرة ),دراسة فيها عملي (تطبيق),الاثنين معا,4,لا
2:01:52 م 2026/01/03,87.13,هندسة الطاقة ,3,4,2,2,تفكير تحليلي,منطوي (ما بتحب كثير تختلط بالناس),مزيج بين النظري والعملي,العمل الجماعي (ضمن فريق),1,نعم
2:46:07 ص 2026/01/03,٨٧.٢,علوم ماليه ومصرفيه ,3,5,2,5,تفكير منطقي,منطوي (ما بتحب كثير تختلط بالناس),مزيج بين النظري والعملي,الاثنين معا,2,نعم
11:53:39 م 2026/01/02,87.25,علم البيانات والذكاء الاصطناعي,4,2,2,1,تفكير منطقي,اجتماعي (بتحب تختلط بالناس بكثرة ),دراسة فيها عملي (تطبيق),العمل الجماعي (ضمن فريق),4,نعم
10:15:38 ص 2026/01/03,87.25,علم بيانات وذكاء اصطناعي,5,3,2,1,تفكير تحليلي,منطوي (ما بتحب كثير تختلط بالناس),دراسة فيها عملي (تطبيق),الاثنين معا,3,لا
12:24:42 م 2026/01/03,87.3,تمريض ,1,5,1,1,تفكير منطقي,اجتماعي (بتحب تختلط بالناس بكثرة ),مزيج بين النظري والعملي,الاثنين معا,1,لا
1:15:08 م 2026/01/03,87.3,كيمياء,1,3,1,1,تفكير تحليلي,منطوي (ما بتحب كثير تختلط بالناس),مزيج بين النظري والعملي,العمل الجماعي (ضمن فريق),3,نعم
3:31:36 م 2026/01/03,٨٧.٤,العلوم الطبيه المخبريه,3,5,1,3,تفكير تحليلي,اجتماعي (بتحب تختلط بالناس بكثرة ),مزيج بين النظري والعملي,الاثنين معا,2,نعم
4:47:09 م 2026/01/03,87.4,الهندسة المدنية ,3,3,3,3,تفكير منطقي,اجتماعي (بتحب تختلط بالناس بكثرة ),دراسة فيها عملي (تطبيق),الاثنين معا,2,لا
12:28:56 ص 2026/01/03,87.5,علم البيانات والذكاء الاصطناعي,5,2,1,1,تفكير تحليلي,اجتماعي (بتحب تختلط بالناس بكثرة ),دراسة فيها عملي (تطبيق),الاثنين معا,4,نعم
1:45:25 م 2026/01/03,87.5,ادارة فنادق,3,4,5,3,تفكير تحليلي,اجتماعي (بتحب تختلط بالناس بكثرة ),مزيج بين النظري والعملي,الاثنين معا,2,نعم
3:18:47 م 2026/01/03,87.5,محاسبة وقانون تجاري ,3,1,5,3,تفكير تحليلي,اجتماعي (بتحب تختلط بالناس بكثرة ),مزيج بين النظري والعملي,الاثنين معا,2,لا
4:13:41 م 2026/01/03,87.55,هندسة برمجيات,4,3,1,5,تفكير منطقي,منطوي (ما بتحب كثير تختلط بالناس),دراسة فيها عملي (تطبيق),العمل الفردي,1,نعم
11:56:48 ص 2026/01/03,87.6,علوم طبية مخبرية,1,5,1,2,تفكير منطقي,منطوي (ما بتحب كثير تختلط بالناس),دراسة فيها عملي (تطبيق),العمل الفردي,2,نعم
11:01:40 م 2026/01/02,87.65,الذكاء الاصطناعي,4,5,1,1,تفكير منطقي,اجتماعي (بتحب تختلط بالناس بكثرة ),دراسة فيها عملي (تطبيق),العمل الجماعي (ضمن فريق),4,لا
2:38:48 م 2026/01/03,87.8,ارشاد نفسي ,2,1,1,5,تفكير تحليلي,اجتماعي (بتحب تختلط بالناس بكثرة ),مزيج بين النظري والعملي,الاثنين معا,1,لا
8:34:03 م 2026/01/03,87.9,إدارة فنادق ,2,2,5,4,تفكير منطقي,اجتماعي (بتحب تختلط بالناس بكثرة ),مزيج بين النظري والعملي,الاثنين معا,2,نعم
9:47:23 م 2026/01/02,88.15,تمريض,1,4,1,2,تفكير منطقي,منطوي (ما بتحب كثير تختلط بالناس),مزيج بين النظري والعملي,العمل الجماعي (ضمن فريق),3,لا
11:55:25 م 2026/01/02,88.25,امن سيبراني,1,3,1,3,تفكير تحليلي,منطوي (ما بتحب كثير تختلط بالناس),دراسة فيها عملي (تطبيق),العمل الفردي,1,نعم
11:47:53 م 2026/01/02,88.4,علم بيانات وذكاء صناعي,4,4,2,5,تفكير تحليلي,منطوي (ما بتحب كثير تختلط بالناس),مزيج بين النظري والعملي,العمل الفردي,3,نعم
6:54:11 م 2026/01/03,88.45,إدارة وتدريب رياضي ,1,2,5,1,تفكير تحليلي,اجتماعي (بتحب تختلط بالناس بكثرة ),مزيج بين النظري والعملي,الاثنين معا,3,لا
12:36:33 م 2026/01/03,88.50,اقتصاد ,2,1,5,1,تفكير تحليلي,اجتماعي (بتحب تختلط بالناس بكثرة ),مزيج بين النظري والعملي,الاثنين معا,1,لا
11:20:33 م 2026/01/02,88.6,Business intelligence ,4,1,5,3,تفكير تحليلي,اجتماعي (بتحب تختلط بالناس بكثرة ),مزيج بين النظري والعملي,العمل الجماعي (ضمن فريق),2,لا
9:55:39 م 2026/01/02,88.65,علم البيانات والذكاء الاصطناعي,5,2,4,4,تفكير تحليلي,اجتماعي (بتحب تختلط بالناس بكثرة ),دراسة فيها عملي (تطبيق),الاثنين معا,2,نعم
10:38:09 م 2026/01/02,88.85,علم بيانات وذكاء اصطناعي ,4,3,1,2,تفكير منطقي,اجتماعي (بتحب تختلط بالناس بكثرة ),دراسة فيها عملي (تطبيق),الاثنين معا,2,لا
12:26:28 ص 2026/01/03,88.9,تكنولوجيا معلومات الاعمال,3,4,1,1,تفكير منطقي,اجتماعي (بتحب تختلط بالناس بكثرة ),مزيج بين النظري والعملي,الاثنين معا,3,نعم
3:26:38 م 2026/01/03,88.9,علم البيانات والذكاء الاصطناعي ,2,4,1,2,تفكير منطقي,اجتماعي (بتحب تختلط بالناس بكثرة ),مزيج بين النظري والعملي,الاثنين معا,1,لا
9:54:27 م 2026/01/02,88.95,علم حاسوب ,5,1,2,1,تفكير منطقي,منطوي (ما بتحب كثير تختلط بالناس),مزيج بين النظري والعملي,العمل الفردي,1,لا
12:55:54 م 2026/01/03,88.95,الاقتصاد,4,2,5,2,تفكير منطقي,منطوي (ما بتحب كثير تختلط بالناس),مزيج بين النظري والعملي,الاثنين معا,4,نعم
3:04:03 م 2026/01/03,89.15,اقتصاد,3,1,5,2,تفكير تحليلي,اجتماعي (بتحب تختلط بالناس بكثرة ),مزيج بين النظري والعملي,العمل الجماعي (ضمن فريق),2,نعم
3:00:53 م 2026/01/03,89.25,معلم صف ,5,2,1,5,تفكير تحليلي,اجتماعي (بتحب تختلط بالناس بكثرة ),مزيج بين النظري والعملي,العمل الجماعي (ضمن فريق),1,نعم
11:59:28 ص 2026/01/03,89.35,التحاليل الطبية المخبرية,4,4,2,2,تفكير منطقي,اجتماعي (بتحب تختلط بالناس بكثرة ),دراسة فيها عملي (تطبيق),الاثنين معا,2,لا
11:56:33 ص 2026/01/03,89.4,إدارة أعمال ,3,3,3,3,تفكير منطقي,منطوي (ما بتحب كثير تختلط بالناس),مزيج بين النظري والعملي,العمل الجماعي (ضمن فريق),4,لا
12:21:07 م 2026/01/03,89.4,قانون,1,2,3,3,تفكير تحليلي,اجتماعي (بتحب تختلط بالناس بكثرة ),مزيج بين النظري والعملي,الاثنين معا,2,نعم
1:42:15 م 2026/01/03,89.5,علوم طبيه مخبريه ,2,5,1,1,تفكير تحليلي,اجتماعي (بتحب تختلط بالناس بكثرة ),مزيج بين النظري والعملي,الاثنين معا,1,لا
9:36:40 م 2026/01/03,89.5,صيدلة,3,5,3,3,تفكير تحليلي,اجتماعي (بتحب تختلط بالناس بكثرة ),دراسة فيها عملي (تطبيق),الاثنين معا,2,نعم
11:23:05 م 2026/01/02,89.9,علم البيانات والذكاء الاصطناعي ,4,2,1,1,تفكير منطقي,اجتماعي (بتحب تختلط بالناس بكثرة ),دراسة فيها عملي (تطبيق),الاثنين معا,3,لا
11:44:08 م 2026/01/02,89.9,علم البيانات والذكاء الاصطناعي,4,1,1,1,تفكير منطقي,منطوي (ما بتحب كثير تختلط بالناس),دراسة فيها عملي (تطبيق),الاثنين معا,3,لا
1:24:46 م 2026/01/03,89.9,الهندسة الكهربائية ,5,1,1,4,تفكير تحليلي,منطوي (ما بتحب كثير تختلط بالناس),مزيج بين النظري والعملي,الاثنين معا,2,نعم
10:39:35 م 2026/01/02,90.55,هندسة حاسوب ,3,2,1,1,تفكير منطقي,اجتماعي (بتحب تختلط بالناس بكثرة ),مزيج بين النظري والعملي,العمل الجماعي (ضمن فريق),3,لا
11:59:08 م 2026/01/02,90.6,علم البيانات والذكاء الاصطناعي ,2,5,1,1,تفكير تحليلي,منطوي (ما بتحب كثير تختلط بالناس),دراسة فيها عملي (تطبيق),الاثنين معا,2,لا
12:05:31 ص 2026/01/03,90.7,تكنولوجيا معلومات الاعمال,4,1,4,1,تفكير منطقي,اجتماعي (بتحب تختلط بالناس بكثرة ),مزيج بين النظري والعملي,الاثنين معا,3,نعم
1:15:57 م 2026/01/03,90.70 ,الهندسة الطبية ,3,4,2,5,تفكير تحليلي,اجتماعي (بتحب تختلط بالناس بكثرة ),دراسة فيها عملي (تطبيق),الاثنين معا,4,لا
12:01:28 ص 2026/01/03,٩٠.٨,أنظمة معلومات حاسوبية ,1,1,2,5,تفكير منطقي,منطوي (ما بتحب كثير تختلط بالناس),دراسة فيها عملي (تطبيق),العمل الفردي,2,نعم
10:59:32 م 2026/01/02,90.85,علم حاسوب,4,2,3,3,تفكير منطقي,منطوي (ما بتحب كثير تختلط بالناس),دراسة فيها عملي (تطبيق),العمل الجماعي (ضمن فريق),2,نعم
6:41:59 م 2026/01/03,90.85,تغذية سريرية وحميات,2,5,3,3,تفكير منطقي,اجتماعي (بتحب تختلط بالناس بكثرة ),دراسة فيها عملي (تطبيق),الاثنين معا,1,لا
12:06:23 م 2026/01/03,90.90,تصوير طبي واشعاعي ,3,5,1,1,تفكير منطقي,منطوي (ما بتحب كثير تختلط بالناس),مزيج بين النظري والعملي,الاثنين معا,3,نعم
8:05:25 م 2026/01/03,90.95,علوم مالية ومصرفية ,4,1,3,1,تفكير منطقي,اجتماعي (بتحب تختلط بالناس بكثرة ),مزيج بين النظري والعملي,الاثنين معا,1,لا
9:40:26 م 2026/01/03,91.05,صيدلة ,4,5,3,1,تفكير تحليلي,اجتماعي (بتحب تختلط بالناس بكثرة ),مزيج بين النظري والعملي,العمل الجماعي (ضمن فريق),1,لا
7:39:03 م 2025/12/31,91.1,علم بيانات وذكاء اصطناعي ,4,1,4,5,تفكير منطقي,اجتماعي (بتحب تختلط بالناس بكثرة ),مزيج بين النظري والعملي,الاثنين معا,2,نعم
12:56:51 ص 2026/01/03,91.1,امن سيبراني,4,2,1,1,تفكير منطقي,منطوي (ما بتحب كثير تختلط بالناس),مزيج بين النظري والعملي,الاثنين معا,2,لا
2:46:10 م 2026/01/03,91.1,علوم السمع والنطق,1,5,3,2,تفكير منطقي,اجتماعي (بتحب تختلط بالناس بكثرة ),دراسة فيها عملي (تطبيق),العمل الجماعي (ضمن فريق),3,نعم
1:45:33 م 2026/01/03,91.10,التكنولوجيا المالية,5,3,4,3,تفكير تحليلي,اجتماعي (بتحب تختلط بالناس بكثرة ),مزيج بين النظري والعملي,الاثنين معا,2,لا
8:48:16 م 2025/12/31,91.2,علم بيانات وذكاء اصطناعي ,5,1,1,1,تفكير تحليلي,اجتماعي (بتحب تختلط بالناس بكثرة ),مزيج بين النظري والعملي,الاثنين معا,4,لا
3:35:41 م 2026/01/03,91.20,Computer science ,3,1,3,5,تفكير تحليلي,اجتماعي (بتحب تختلط بالناس بكثرة ),مزيج بين النظري والعملي,الاثنين معا,1,لا
10:33:58 م 2026/01/02,91.3,علم حاسوب ,2,4,1,1,تفكير منطقي,اجتماعي (بتحب تختلط بالناس بكثرة ),دراسة فيها عملي (تطبيق),العمل الفردي,4,نعم
6:26:36 ص 2026/01/03,91.30,اللغه الانجليزيه و ادابها ,4,1,1,2,تفكير منطقي,اجتماعي (بتحب تختلط بالناس بكثرة ),مزيج بين النظري والعملي,العمل الجماعي (ضمن فريق),1,لا
9:43:03 م 2026/01/02,91.35,الاقتصاد,2,1,5,3,تفكير تحليلي,منطوي (ما بتحب كثير تختلط بالناس),مزيج بين النظري والعملي,الاثنين معا,2,نعم
2:28:35 م 2026/01/03,91.35,الصيدلة,3,5,1,1,تفكير منطقي,اجتماعي (بتحب تختلط بالناس بكثرة ),مزيج بين النظري والعملي,العمل الفردي,3,لا
1:51:51 م 2026/01/03,91.45,اللغة العربية ,3,1,3,2,تفكير تحليلي,اجتماعي (بتحب تختلط بالناس بكثرة ),مزيج بين النظري والعملي,العمل الفردي,2,نعم
1:54:11 م 2026/01/03,91.7,اللغة الإنجليزية.,4,1,3,3,تفكير تحليلي,منطوي (ما بتحب كثير تختلط بالناس),مزيج بين النظري والعملي,الاثنين معا,1,لا
8:49:54 م 2026/01/03,91.7,هندسة برمجيات ,5,1,3,3,تفكير تحليلي,منطوي (ما بتحب كثير تختلط بالناس),دراسة فيها عملي (تطبيق),الاثنين معا,2,لا
1:50:30 ص 2026/01/03,91.75,هندسة البرمجيات ,5,4,1,1,تفكير منطقي,منطوي (ما بتحب كثير تختلط بالناس),دراسة فيها عملي (تطبيق),الاثنين معا,2,لا
7:06:51 ص 2026/01/03,91.8,امن سيبراني ,1,5,2,4,تفكير تحليلي,منطوي (ما بتحب كثير تختلط بالناس),دراسة فيها عملي (تطبيق),العمل الفردي,1,لا
2:25:56 م 2026/01/03,91.85,هندسة البرمجيّات,4,1,3,3,تفكير منطقي,منطوي (ما بتحب كثير تختلط بالناس),دراسة فيها عملي (تطبيق),العمل الفردي,1,لا
12:52:52 م 2026/01/03,92.15,محاسبه ,5,2,5,1,تفكير تحليلي,منطوي (ما بتحب كثير تختلط بالناس),نظري,العمل الفردي,3,نعم
12:01:12 ص 2026/01/03,92.2,الامن السيبراني,4,5,2,1,تفكير منطقي,منطوي (ما بتحب كثير تختلط بالناس),دراسة فيها عملي (تطبيق),الاثنين معا,3,نعم
11:29:46 م 2026/01/02,92.25,تغذيه وتكنولوجيا الغذاء,3,4,5,1,تفكير منطقي,اجتماعي (بتحب تختلط بالناس بكثرة ),مزيج بين النظري والعملي,الاثنين معا,3,نعم
2:00:34 م 2026/01/03,٩٢.٢٥,محاسبه,2,1,3,1,تفكير منطقي,منطوي (ما بتحب كثير تختلط بالناس),نظري,الاثنين معا,2,نعم
2:03:47 ص 2026/01/03,92.3,هندسة البرمجيات,4,3,1,1,تفكير تحليلي,منطوي (ما بتحب كثير تختلط بالناس),مزيج بين النظري والعملي,الاثنين معا,3,نعم
6:45:16 م 2025/12/31,92.4,هندسة مدنية,3,1,2,5,تفكير تحليلي,اجتماعي (بتحب تختلط بالناس بكثرة ),مزيج بين النظري والعملي,الاثنين معا,1,لا
10:19:34 ص 2026/01/03,92.45,علم بيانات و ذكاء اصطناعي ,5,1,1,1,تفكير تحليلي,منطوي (ما بتحب كثير تختلط بالناس),دراسة فيها عملي (تطبيق),العمل الفردي,1,لا
12:04:11 ص 2026/01/03,٩٢.٥,تمريض ,2,5,1,1,تفكير منطقي,اجتماعي (بتحب تختلط بالناس بكثرة ),نظري,العمل الفردي,2,نعم
12:04:45 ص 2026/01/03,92.5,ذكاء اصطناعي ,4,3,1,1,تفكير منطقي,اجتماعي (بتحب تختلط بالناس بكثرة ),مزيج بين النظري والعملي,الاثنين معا,4,لا
2:51:40 م 2026/01/03,٩٢.٥,محاسبة,3,2,4,4,تفكير منطقي,اجتماعي (بتحب تختلط بالناس بكثرة ),مزيج بين النظري والعملي,الاثنين معا,1,نعم
12:41:36 م 2026/01/03,92.53,ذكاء اصطناعي--كيمياء ,2,5,1,3,تفكير منطقي,اجتماعي (بتحب تختلط بالناس بكثرة ),دراسة فيها عملي (تطبيق),الاثنين معا,1,لا
8:28:00 م 2026/01/03,92.6,علاج طبيعي ,1,5,1,5,تفكير تحليلي,منطوي (ما بتحب كثير تختلط بالناس),دراسة فيها عملي (تطبيق),العمل الفردي,3,نعم
6:58:32 ص 2026/01/03,92.65,هندسة البرمجيات,4,2,2,1,تفكير منطقي,منطوي (ما بتحب كثير تختلط بالناس),دراسة فيها عملي (تطبيق),العمل الفردي,3,لا
1:32:58 م 2026/01/03,92.75,محاس,2,1,5,1,تفكير منطقي,اجتماعي (بتحب تختلط بالناس بكثرة ),مزيج بين النظري والعملي,الاثنين معا,1,لا
1:30:05 ص 2026/01/03,92.85,علوم طبية مخبرية,3,5,1,2,تفكير منطقي,اجتماعي (بتحب تختلط بالناس بكثرة ),مزيج بين النظري والعملي,الاثنين معا,3,نعم
11:58:25 م 2026/01/02,92.9,هندسة برمجيات ,3,1,1,5,تفكير منطقي,منطوي (ما بتحب كثير تختلط بالناس),مزيج بين النظري والعملي,العمل الفردي,2,لا
7:46:48 م 2026/01/03,92.9,علم حاسوب ,5,4,4,3,تفكير تحليلي,اجتماعي (بتحب تختلط بالناس بكثرة ),مزيج بين النظري والعملي,العمل الفردي,2,نعم
11:41:00 م 2026/01/02,93.1,علم البيانات والذكاء الاصطناعي ,3,2,1,5,تفكير تحليلي,منطوي (ما بتحب كثير تختلط بالناس),مزيج بين النظري والعملي,الاثنين معا,2,نعم
12:13:30 م 2026/01/03,93.10,محاسبة ,3,2,5,1,تفكير تحليلي,اجتماعي (بتحب تختلط بالناس بكثرة ),مزيج بين النظري والعملي,الاثنين معا,1,نعم
10:47:40 م 2026/01/02,93.2,علم البيانات و الذكاء الاصطناعي ,2,5,3,1,تفكير تحليلي,اجتماعي (بتحب تختلط بالناس بكثرة ),مزيج بين النظري والعملي,الاثنين معا,2,نعم
6:05:51 ص 2026/01/03,93.2,علوم مالية ومصرفية ,3,1,4,1,تفكير منطقي,منطوي (ما بتحب كثير تختلط بالناس),مزيج بين النظري والعملي,الاثنين معا,3,نعم
12:59:50 م 2026/01/03,93.2,امن سيبراني,2,5,1,5,تفكير تحليلي,اجتماعي (بتحب تختلط بالناس بكثرة ),دراسة فيها عملي (تطبيق),الاثنين معا,4,نعم
2:47:58 م 2026/01/03,93.2,علم البيانات والذكاء الاصطناعي ,5,2,1,1,تفكير منطقي,اجتماعي (بتحب تختلط بالناس بكثرة ),دراسة فيها عملي (تطبيق),الاثنين معا,2,نعم
8:13:27 ص 2026/01/03,93.4,علم البيانات والذكاء الاصطناعي,3,2,1,1,تفكير منطقي,منطوي (ما بتحب كثير تختلط بالناس),مزيج بين النظري والعملي,العمل الفردي,3,نعم
3:05:06 م 2026/01/03,93.4,اللغة الإنجليزية وأدابها ,2,1,3,4,تفكير منطقي,اجتماعي (بتحب تختلط بالناس بكثرة ),مزيج بين النظري والعملي,الاثنين معا,1,نعم
1:25:17 م 2026/01/03,93.5,محاسبة وقانون تجاري,4,2,5,4,تفكير منطقي,اجتماعي (بتحب تختلط بالناس بكثرة ),مزيج بين النظري والعملي,العمل الجماعي (ضمن فريق),1,لا
5:50:37 ص 2026/01/03,93.65,هندسة برمجيات ,3,4,1,1,تفكير منطقي,منطوي (ما بتحب كثير تختلط بالناس),دراسة فيها عملي (تطبيق),الاثنين معا,2,نعم
6:30:03 م 2026/01/03,93.65,هندسة صناعية ,3,4,1,2,تفكير منطقي,اجتماعي (بتحب تختلط بالناس بكثرة ),مزيج بين النظري والعملي,الاثنين معا,4,نعم
11:43:57 م 2026/01/02,93.7,علم البيانات و الذكاء الاصطناعي ,3,5,5,4,تفكير منطقي,منطوي (ما بتحب كثير تختلط بالناس),دراسة فيها عملي (تطبيق),الاثنين معا,1,نعم
9:37:08 م 2026/01/02,93.75,علم البيانات والذكاء الإصطناعي,1,3,1,5,تفكير منطقي,منطوي (ما بتحب كثير تختلط بالناس),مزيج بين النظري والعملي,الاثنين معا,4,لا
12:22:38 م 2026/01/03,93.75,هندسة برمجيات ,4,1,2,2,تفكير منطقي,منطوي (ما بتحب كثير تختلط بالناس),دراسة فيها عملي (تطبيق),الاثنين معا,2,نعم
10:32:57 ص 2026/01/03,93.8,هندسة برمجيات ,3,4,4,2,تفكير منطقي,منطوي (ما بتحب كثير تختلط بالناس),مزيج بين النظري والعملي,العمل الجماعي (ضمن فريق),1,نعم
8:27:07 م 2026/01/03,94.0,علم الحاسوب وتطبيقاته,5,2,1,1,تفكير تحليلي,اجتماعي (بتحب تختلط بالناس بكثرة ),دراسة فيها عملي (تطبيق),الاثنين معا,4,لا
12:26:02 م 2026/01/03,94.10,تسويق رقمي ,3,1,5,5,تفكير منطقي,اجتماعي (بتحب تختلط بالناس بكثرة ),دراسة فيها عملي (تطبيق),الاثنين معا,2,نعم
11:59:29 ص 2026/01/03,94.17,تكنولوجيا ماليه,1,1,5,1,تفكير منطقي,اجتماعي (بتحب تختلط بالناس بكثرة ),مزيج بين النظري والعملي,الاثنين معا,1,لا
12:14:42 م 2026/01/03,94.3,علم حاسوب,2,2,1,1,تفكير منطقي,اجتماعي (بتحب تختلط بالناس بكثرة ),دراسة فيها عملي (تطبيق),الاثنين معا,1,نعم
9:57:44 م 2026/01/02,94.5,هندسة برمجيات ,5,2,1,3,تفكير تحليلي,اجتماعي (بتحب تختلط بالناس بكثرة ),دراسة فيها عملي (تطبيق),الاثنين معا,4,نعم
1:07:26 م 2026/01/03,94.5,علم البيانات والذكاء الاصطناعي,4,3,1,3,تفكير تحليلي,اجتماعي (بتحب تختلط بالناس بكثرة ),مزيج بين النظري والعملي,الاثنين معا,3,نعم
12:07:33 ص 2026/01/03,94.55,علم الحاسوب و تطبيقاته,1,1,1,3,تفكير منطقي,اجتماعي (بتحب تختلط بالناس بكثرة ),دراسة فيها عملي (تطبيق),العمل الفردي,1,نعم
12:36:52 م 2026/01/03,94.55,هندسة صناعية ,2,1,4,2,تفكير تحليلي,اجتماعي (بتحب تختلط بالناس بكثرة ),مزيج بين النظري والعملي,العمل الجماعي (ضمن فريق),1,لا
12:05:14 ص 2026/01/03,94.7,علم البيانات والذكاء الاصطناعي,5,4,3,4,تفكير منطقي,منطوي (ما بتحب كثير تختلط بالناس),مزيج بين النظري والعملي,العمل الفردي,3,لا
3:46:54 م 2026/01/03,94.8,علم حاسوب,5,1,1,1,تفكير منطقي,منطوي (ما بتحب كثير تختلط بالناس),دراسة فيها عملي (تطبيق),الاثنين معا,1,لا
9:34:07 م 2026/01/03,94.8,صيدلة ,4,5,3,2,تفكير تحليلي,اجتماعي (بتحب تختلط بالناس بكثرة ),مزيج بين النظري والعملي,الاثنين معا,2,لا
12:54:24 م 2026/01/03,94.85,هندسة ميكاترونكس ,5,3,2,3,تفكير تحليلي,اجتماعي (بتحب تختلط بالناس بكثرة ),مزيج بين النظري والعملي,الاثنين معا,1,لا
2:17:34 ص 2026/01/03,94.9,علم حاسوب ,3,2,1,2,تفكير تحليلي,منطوي (ما بتحب كثير تختلط بالناس),دراسة فيها عملي (تطبيق),العمل الجماعي (ضمن فريق),2,لا
6:51:46 م 2026/01/03,94.9,اللغة الانجليزبة وآدابها,4,1,1,4,تفكير منطقي,اجتماعي (بتحب تختلط بالناس بكثرة ),مزيج بين النظري والعملي,العمل الفردي,1,لا
12:14:53 م 2026/01/03,95.05,اللغة الإنجليزية و آدابها,1,1,1,3,تفكير منطقي,منطوي (ما بتحب كثير تختلط بالناس),دراسة فيها عملي (تطبيق),العمل الفردي,4,نعم
2:45:50 م 2026/01/03,95.05,صيدلة,4,5,2,2,تفكير تحليلي,منطوي (ما بتحب كثير تختلط بالناس),مزيج بين النظري والعملي,العمل الجماعي (ضمن فريق),1,لا
9:44:36 ص 2026/01/03,95.3,هندسة صناعية ,2,4,5,1,تفكير منطقي,اجتماعي (بتحب تختلط بالناس بكثرة ),مزيج بين النظري والعملي,الاثنين معا,4,نعم
11:39:27 م 2026/01/02,٩٥.٥٥,انجليزي ,5,5,1,1,تفكير منطقي,اجتماعي (بتحب تختلط بالناس بكثرة ),مزيج بين النظري والعملي,العمل الجماعي (ضمن فريق),2,لا
11:28:09 م 2026/01/02,96.25,طب اسنان,3,5,3,2,تفكير تحليلي,منطوي (ما بتحب كثير تختلط بالناس),مزيج بين النظري والعملي,العمل الفردي,2,نعم
10:35:40 م 2026/01/02,96.3,الأمن السيبراني ,4,2,3,3,تفكير منطقي,اجتماعي (بتحب تختلط بالناس بكثرة ),دراسة فيها عملي (تطبيق),العمل الجماعي (ضمن فريق),4,نعم
11:10:53 م 2026/01/02,٩٦.٣٠,علم حاسوب,3,5,1,1,تفكير منطقي,منطوي (ما بتحب كثير تختلط بالناس),مزيج بين النظري والعملي,العمل الفردي,1,لا
1:03:04 ص 2026/01/03,96.8,تكنولوجيا معلومات الأعمال,1,1,4,1,تفكير منطقي,منطوي (ما بتحب كثير تختلط بالناس),نظري,العمل الفردي,1,نعم
3:23:38 م 2026/01/03,97.2,Medicine,3,3,3,3,تفكير منطقي,اجتماعي (بتحب تختلط بالناس بكثرة ),مزيج بين النظري والعملي,العمل الجماعي (ضمن فريق),2,لا
11:57:57 ص 2026/01/03,97.3,طب اسنان,3,4,2,1,تفكير تحليلي,اجتماعي (بتحب تختلط بالناس بكثرة ),دراسة فيها عملي (تطبيق),الاثنين معا,1,لا
4:08:45 م 2026/01/03,97.7,هندسة كهربائية ,3,1,3,4,تفكير منطقي,منطوي (ما بتحب كثير تختلط بالناس),دراسة فيها عملي (تطبيق),العمل الفردي,2,نعم
11:09:28 م 2026/01/02,97.75 ,هندسة برمجيات,4,1,1,1,تفكير منطقي,اجتماعي (بتحب تختلط بالناس بكثرة ),دراسة فيها عملي (تطبيق),الاثنين معا,1,لا
1:03:34 ص 2026/01/03,98.35,دكتور في الطب ,4,3,3,1,تفكير تحليلي,اجتماعي (بتحب تختلط بالناس بكثرة ),مزيج بين النظري والعملي,الاثنين معا,4,نعم
5:03:50 م 2026/01/03,98.68,علم الحاسوب وتطبيقاته,5,1,1,1,تفكير منطقي,منطوي (ما بتحب كثير تختلط بالناس),دراسة فيها عملي (تطبيق),العمل الجماعي (ضمن فريق),4,لا
10:27:06 م 2026/01/02,98.8,انظمة معلومات حاسوبية,2,4,1,1,تفكير منطقي,منطوي (ما بتحب كثير تختلط بالناس),مزيج بين النظري والعملي,العمل الفردي,2,نعم
12:42:37 ص 2026/01/03,99.13,علم بيانات و ذكاء اصطناعي ,2,1,1,2,تفكير منطقي,منطوي (ما بتحب كثير تختلط بالناس),مزيج بين النظري والعملي,الاثنين معا,1,نعم
7:43:29 م 2026/01/03,99.3 (قدمت بقطر مو الاردن ),علم بيانات وذكاء اصطناعي,4,2,1,4,تفكير تحليلي,منطوي (ما بتحب كثير تختلط بالناس),دراسة فيها عملي (تطبيق),العمل الفردي,4,لا
2:00:34 م 2026/01/03,99.9,طيران,3,2,2,5,تفكير منطقي,اجتماعي (بتحب تختلط بالناس بكثرة ),دراسة فيها عملي (تطبيق),الاثنين معا,1,لا
9:43:07 م 2026/01/03,83,محاسبه وقانون تجاري ,3,2,2,1,تفكير منطقي,اجتماعي (بتحب تختلط بالناس بكثرة ),مزيج بين النظري والعملي,الاثنين معا,2,نعم
9:44:16 م 2026/01/03,85,الهندسه الطبيه ,5,5,5,5,تفكير منطقي,اجتماعي (بتحب تختلط بالناس بكثرة ),دراسة فيها عملي (تطبيق),العمل الجماعي (ضمن فريق),1,لا
9:44:19 م 2026/01/03,62,تنميه ,1,1,1,3,تفكير منطقي,اجتماعي (بتحب تختلط بالناس بكثرة ),مزيج بين النظري والعملي,الاثنين معا,3,نعم
9:48:46 م 2026/01/03,82,محاسبة ,1,1,5,5,تفكير تحليلي,اجتماعي (بتحب تختلط بالناس بكثرة ),مزيج بين النظري والعملي,العمل الجماعي (ضمن فريق),1,لا
9:50:30 م 2026/01/03,91.4,صيدلة ,3,5,2,3,تفكير تحليلي,اجتماعي (بتحب تختلط بالناس بكثرة ),دراسة فيها عملي (تطبيق),الاثنين معا,1,لا
9:50:47 م 2026/01/03,93,هندسة برمجيات,3,1,5,2,تفكير تحليلي,اجتماعي (بتحب تختلط بالناس بكثرة ),مزيج بين النظري والعملي,الاثنين معا,3,نعم
9:51:12 م 2026/01/03,79.9,تخصص إدارة اراضي ومياه ,2,2,2,2,تفكير منطقي,اجتماعي (بتحب تختلط بالناس بكثرة ),دراسة فيها عملي (تطبيق),الاثنين معا,4,نعم
9:53:41 م 2026/01/03,90,علم نفس,3,5,1,2,تفكير تحليلي,اجتماعي (بتحب تختلط بالناس بكثرة ),مزيج بين النظري والعملي,الاثنين معا,1,نعم
9:55:35 م 2026/01/03,90,صيدلة,2,5,1,1,تفكير منطقي,اجتماعي (بتحب تختلط بالناس بكثرة ),مزيج بين النظري والعملي,العمل الفردي,1,لا
9:58:18 م 2026/01/03,99,هندسة حاسب,4,5,4,2,تفكير منطقي,اجتماعي (بتحب تختلط بالناس بكثرة ),مزيج بين النظري والعملي,الاثنين معا,2,نعم
9:58:35 م 2026/01/03,89,تمريض,2,5,2,3,تفكير منطقي,اجتماعي (بتحب تختلط بالناس بكثرة ),مزيج بين النظري والعملي,الاثنين معا,2,نعم
9:58:46 م 2026/01/03,98,طب اسنان,4,5,1,1,تفكير منطقي,اجتماعي (بتحب تختلط بالناس بكثرة ),دراسة فيها عملي (تطبيق),الاثنين معا,1,لا
9:58:57 م 2026/01/03,91,بكالوريوس فني اسنان ,3,5,1,4,تفكير منطقي,اجتماعي (بتحب تختلط بالناس بكثرة ),مزيج بين النظري والعملي,الاثنين معا,1,لا
9:59:00 م 2026/01/03,73,جرافيك ديزاين ,4,1,3,5,تفكير منطقي,اجتماعي (بتحب تختلط بالناس بكثرة ),دراسة فيها عملي (تطبيق),الاثنين معا,2,لا
9:59:23 م 2026/01/03,71.9,تسويق رقمي,5,1,5,1,تفكير تحليلي,اجتماعي (بتحب تختلط بالناس بكثرة ),دراسة فيها عملي (تطبيق),العمل الجماعي (ضمن فريق),2,لا
9:59:26 م 2026/01/03,70٫15,معلم صف ,2,1,5,5,تفكير تحليلي,اجتماعي (بتحب تختلط بالناس بكثرة ),مزيج بين النظري والعملي,الاثنين معا,1,لا
9:59:36 م 2026/01/03,69,تمريض مشارك,2,5,1,1,تفكير منطقي,اجتماعي (بتحب تختلط بالناس بكثرة ),مزيج بين النظري والعملي,الاثنين معا,1,لا
9:59:51 م 2026/01/03,89,صيدلة,3,4,1,1,تفكير تحليلي,اجتماعي (بتحب تختلط بالناس بكثرة ),مزيج بين النظري والعملي,الاثنين معا,4,لا
9:59:56 م 2026/01/03,٨٣.١,علوم سمع ونطق,1,5,1,1,تفكير منطقي,اجتماعي (بتحب تختلط بالناس بكثرة ),دراسة فيها عملي (تطبيق),العمل الجماعي (ضمن فريق),1,لا
9:59:56 م 2026/01/03,76,تكنولوجيا الأزياء والحياكة,5,1,3,5,تفكير منطقي,اجتماعي (بتحب تختلط بالناس بكثرة ),دراسة فيها عملي (تطبيق),العمل الفردي,1,نعم
9:59:56 م 2026/01/03,70,اللغة العربية وادابها,3,2,3,3,تفكير تحليلي,اجتماعي (بتحب تختلط بالناس بكثرة ),نظري,العمل الجماعي (ضمن فريق),2,لا
10:00:11 م 2026/01/03,12.93/20 علوم رياضية ,علوم تربية ، تدريس ,4,3,1,4,تفكير منطقي,منطوي (ما بتحب كثير تختلط بالناس),مزيج بين النظري والعملي,الاثنين معا,2,لا
10:00:12 م 2026/01/03,69,احياء بيوتكنولجي,3,3,3,2,تفكير منطقي,منطوي (ما بتحب كثير تختلط بالناس),مزيج بين النظري والعملي,العمل الجماعي (ضمن فريق),3,نعم
10:00:14 م 2026/01/03,٩١.١٣,الطب,2,4,2,5,تفكير تحليلي,منطوي (ما بتحب كثير تختلط بالناس),دراسة فيها عملي (تطبيق),الاثنين معا,2,لا
10:00:36 م 2026/01/03,72,ادارة اعمال,3,1,4,2,تفكير منطقي,منطوي (ما بتحب كثير تختلط بالناس),مزيج بين النظري والعملي,الاثنين معا,3,لا
10:00:47 م 2026/01/03,84,صيدلة,1,5,3,2,تفكير منطقي,اجتماعي (بتحب تختلط بالناس بكثرة ),دراسة فيها عملي (تطبيق),العمل الفردي,1,نعم
10:00:53 م 2026/01/03,81,محاسبة,3,4,5,3,تفكير منطقي,اجتماعي (بتحب تختلط بالناس بكثرة ),دراسة فيها عملي (تطبيق),العمل الفردي,4,نعم
10:01:05 م 2026/01/03,80,علاقات عامه,2,1,4,3,تفكير منطقي,اجتماعي (بتحب تختلط بالناس بكثرة ),دراسة فيها عملي (تطبيق),الاثنين معا,1,نعم
10:01:19 م 2026/01/03,80,ادارة اعمال ,1,2,5,5,تفكير تحليلي,منطوي (ما بتحب كثير تختلط بالناس),مزيج بين النظري والعملي,الاثنين معا,2,نعم
10:01:23 م 2026/01/03,97,طب بشري,4,3,2,1,تفكير منطقي,اجتماعي (بتحب تختلط بالناس بكثرة ),مزيج بين النظري والعملي,الاثنين معا,2,نعم
10:01:28 م 2026/01/03,90,هندسة الحاسوب ,5,2,3,3,تفكير منطقي,منطوي (ما بتحب كثير تختلط بالناس),دراسة فيها عملي (تطبيق),الاثنين معا,2,نعم
10:01:40 م 2026/01/03,88.1,علم حاسوب ,5,3,3,4,تفكير تحليلي,منطوي (ما بتحب كثير تختلط بالناس),مزيج بين النظري والعملي,الاثنين معا,2,نعم
10:02:14 م 2026/01/03,70,وسائط متعددة,5,1,1,1,تفكير تحليلي,اجتماعي (بتحب تختلط بالناس بكثرة ),مزيج بين النظري والعملي,الاثنين معا,1,لا
10:02:40 م 2026/01/03,89.65,تحاليل طبية,1,5,1,1,تفكير منطقي,اجتماعي (بتحب تختلط بالناس بكثرة ),دراسة فيها عملي (تطبيق),العمل الفردي,3,نعم
10:02:49 م 2026/01/03,80.2,علم النفس السريري ,3,5,3,3,تفكير منطقي,اجتماعي (بتحب تختلط بالناس بكثرة ),مزيج بين النظري والعملي,الاثنين معا,2,نعم
10:03:07 م 2026/01/03,٨٢٪؜,اللغة الانجليزية وادابها,2,1,1,1,تفكير منطقي,اجتماعي (بتحب تختلط بالناس بكثرة ),مزيج بين النظري والعملي,الاثنين معا,3,لا
10:03:11 م 2026/01/03,89,قانون ,3,2,4,1,تفكير منطقي,اجتماعي (بتحب تختلط بالناس بكثرة ),مزيج بين النظري والعملي,الاثنين معا,4,نعم
10:03:12 م 2026/01/03,71,عربي ,1,3,3,3,تفكير منطقي,اجتماعي (بتحب تختلط بالناس بكثرة ),مزيج بين النظري والعملي,العمل الجماعي (ضمن فريق),4,نعم
10:03:32 م 2026/01/03,99,طب,3,5,2,2,تفكير تحليلي,اجتماعي (بتحب تختلط بالناس بكثرة ),مزيج بين النظري والعملي,العمل الفردي,4,لا
10:04:08 م 2026/01/03,82.3,ماجستير في التمريض السريري,5,5,1,1,تفكير تحليلي,اجتماعي (بتحب تختلط بالناس بكثرة ),مزيج بين النظري والعملي,العمل الفردي,1,لا
10:04:32 م 2026/01/03,80.65,كيمياء,2,2,2,2,تفكير منطقي,منطوي (ما بتحب كثير تختلط بالناس),دراسة فيها عملي (تطبيق),العمل الفردي,3,لا
10:04:35 م 2026/01/03,86,معالجة تنفسية ,1,5,2,2,تفكير منطقي,اجتماعي (بتحب تختلط بالناس بكثرة ),دراسة فيها عملي (تطبيق),الاثنين معا,2,نعم
10:04:41 م 2026/01/03,92,اللغة الإنجليزية وادابها,5,3,4,3,تفكير منطقي,اجتماعي (بتحب تختلط بالناس بكثرة ),دراسة فيها عملي (تطبيق),الاثنين معا,2,نعم
10:04:44 م 2026/01/03,65,آمن سيبراني,5,1,3,4,تفكير تحليلي,منطوي (ما بتحب كثير تختلط بالناس),مزيج بين النظري والعملي,الاثنين معا,1,نعم
10:04:45 م 2026/01/03,92.95اول واحد ، الثاني 96.15,صيدلة,5,4,2,4,تفكير منطقي,اجتماعي (بتحب تختلط بالناس بكثرة ),دراسة فيها عملي (تطبيق),الاثنين معا,3,نعم
10:04:48 م 2026/01/03,78,اقتصاد ومصارف اسلاميه,5,1,3,3,تفكير منطقي,اجتماعي (بتحب تختلط بالناس بكثرة ),مزيج بين النظري والعملي,الاثنين معا,1,لا
10:04:51 م 2026/01/03,بعد 6 اشهر بعرف, بالمستقبل تمريض 🙃,3,5,1,2,تفكير تحليلي,منطوي (ما بتحب كثير تختلط بالناس),مزيج بين النظري والعملي,الاثنين معا,4,لا
10:05:13 م 2026/01/03,81,هندسة الانظمه الذكية,5,2,1,3,تفكير منطقي,منطوي (ما بتحب كثير تختلط بالناس),مزيج بين النظري والعملي,الاثنين معا,1,لا
10:05:28 م 2026/01/03,97,طب ,1,5,1,1,تفكير منطقي,اجتماعي (بتحب تختلط بالناس بكثرة ),مزيج بين النظري والعملي,العمل الجماعي (ضمن فريق),1,لا
10:05:39 م 2026/01/03,96,هندسه,4,2,3,5,تفكير منطقي,منطوي (ما بتحب كثير تختلط بالناس),دراسة فيها عملي (تطبيق),العمل الفردي,2,لا
10:05:54 م 2026/01/03,97,صيدله,2,5,1,1,تفكير منطقي,اجتماعي (بتحب تختلط بالناس بكثرة ),دراسة فيها عملي (تطبيق),العمل الجماعي (ضمن فريق),1,لا
10:06:08 م 2026/01/03,12.32,علوم,3,5,1,2,تفكير تحليلي,اجتماعي (بتحب تختلط بالناس بكثرة ),مزيج بين النظري والعملي,العمل الجماعي (ضمن فريق),2,نعم
10:06:11 م 2026/01/03,76,معالجه تنفسيه ,2,5,1,2,تفكير منطقي,اجتماعي (بتحب تختلط بالناس بكثرة ),مزيج بين النظري والعملي,العمل الجماعي (ضمن فريق),1,لا
10:06:16 م 2026/01/03,98.5,طب أسنان ,3,5,2,3,تفكير منطقي,اجتماعي (بتحب تختلط بالناس بكثرة ),مزيج بين النظري والعملي,الاثنين معا,2,نعم
10:06:28 م 2026/01/03,لسا مادرست توجيهي ,إدارة اعمال لسا بدي فوت ,3,2,5,4,تفكير منطقي,اجتماعي (بتحب تختلط بالناس بكثرة ),دراسة فيها عملي (تطبيق),الاثنين معا,1,لا
10:06:38 م 2026/01/03,75.50,العمل الاجتماعي ,1,3,3,4,تفكير منطقي,اجتماعي (بتحب تختلط بالناس بكثرة ),دراسة فيها عملي (تطبيق),الاثنين معا,1,نعم
10:07:12 م 2026/01/03,96.75,انجليزي تطبيقي,1,1,1,1,تفكير تحليلي,منطوي (ما بتحب كثير تختلط بالناس),نظري,العمل الفردي,4,لا
10:07:18 م 2026/01/03,90,ادارة عمال,3,1,5,3,تفكير تحليلي,اجتماعي (بتحب تختلط بالناس بكثرة ),مزيج بين النظري والعملي,العمل الجماعي (ضمن فريق),3,نعم
10:07:25 م 2026/01/03,95,دكتور صيدلة ,3,5,2,1,تفكير منطقي,اجتماعي (بتحب تختلط بالناس بكثرة ),دراسة فيها عملي (تطبيق),العمل الجماعي (ضمن فريق),1,لا
10:07:38 م 2026/01/03,90,امن سبراني,4,1,1,1,تفكير منطقي,منطوي (ما بتحب كثير تختلط بالناس),مزيج بين النظري والعملي,العمل الجماعي (ضمن فريق),1,لا
10:07:43 م 2026/01/03,92,هندسة برمجيات ,4,2,3,2,تفكير منطقي,منطوي (ما بتحب كثير تختلط بالناس),دراسة فيها عملي (تطبيق),الاثنين معا,2,نعم
10:07:48 م 2026/01/03,65٫5,دبلوم مختبرات اسنان ,5,5,3,5,تفكير منطقي,اجتماعي (بتحب تختلط بالناس بكثرة ),دراسة فيها عملي (تطبيق),الاثنين معا,1,لا
10:07:56 م 2026/01/03,93.1,اللغه الانجليزيه,2,2,5,3,تفكير منطقي,اجتماعي (بتحب تختلط بالناس بكثرة ),مزيج بين النظري والعملي,العمل الجماعي (ضمن فريق),1,لا
10:09:13 م 2026/01/03,94.4,صيدله,3,5,1,1,تفكير تحليلي,اجتماعي (بتحب تختلط بالناس بكثرة ),مزيج بين النظري والعملي,الاثنين معا,1,لا
10:09:26 م 2026/01/03,70,أرشفه رقمية ,5,2,3,3,تفكير منطقي,اجتماعي (بتحب تختلط بالناس بكثرة ),دراسة فيها عملي (تطبيق),العمل الجماعي (ضمن فريق),1,لا
10:10:02 م 2026/01/03,98.5,شبكات وأمن,5,1,4,3,تفكير منطقي,منطوي (ما بتحب كثير تختلط بالناس),مزيج بين النظري والعملي,الاثنين معا,2,لا
10:10:17 م 2026/01/03,93.6 ,هندسة أنظمة الحاسوب ,4,3,3,2,تفكير منطقي,اجتماعي (بتحب تختلط بالناس بكثرة ),مزيج بين النظري والعملي,الاثنين معا,1,لا
10:10:21 م 2026/01/03,1421,ارشاد ,3,4,2,1,تفكير منطقي,اجتماعي (بتحب تختلط بالناس بكثرة ),مزيج بين النظري والعملي,الاثنين معا,4,نعم
10:10:22 م 2026/01/03,91.3,هندسه حاسوب ,5,1,1,4,تفكير منطقي,اجتماعي (بتحب تختلط بالناس بكثرة ),دراسة فيها عملي (تطبيق),العمل الجماعي (ضمن فريق),3,نعم
10:10:38 م 2026/01/03,90,طب اسنات,2,5,3,4,تفكير منطقي,منطوي (ما بتحب كثير تختلط بالناس),مزيج بين النظري والعملي,الاثنين معا,1,نعم
10:11:02 م 2026/01/03,60,التسويق الرقمي ,5,3,5,2,تفكير منطقي,منطوي (ما بتحب كثير تختلط بالناس),دراسة فيها عملي (تطبيق),الاثنين معا,2,لا
10:11:23 م 2026/01/03,88,علوم مصارف إسلامية ,3,2,5,3,تفكير تحليلي,اجتماعي (بتحب تختلط بالناس بكثرة ),مزيج بين النظري والعملي,الاثنين معا,2,نعم
10:11:25 م 2026/01/03,76,علوم حاسوب,3,2,1,1,تفكير منطقي,اجتماعي (بتحب تختلط بالناس بكثرة ),دراسة فيها عملي (تطبيق),الاثنين معا,2,لا
10:11:30 م 2026/01/03,96٫45,قانون,3,3,3,2,تفكير تحليلي,اجتماعي (بتحب تختلط بالناس بكثرة ),مزيج بين النظري والعملي,العمل الفردي,1,لا
10:11:58 م 2026/01/03,94.4,طب بشري,3,5,2,3,تفكير تحليلي,اجتماعي (بتحب تختلط بالناس بكثرة ),مزيج بين النظري والعملي,الاثنين معا,2,لا
10:12:06 م 2026/01/03,82.95,جغرافيا ,3,3,3,3,تفكير منطقي,اجتماعي (بتحب تختلط بالناس بكثرة ),مزيج بين النظري والعملي,الاثنين معا,2,نعم
10:12:10 م 2026/01/03,95.4,طب اسنان,4,2,4,5,تفكير منطقي,اجتماعي (بتحب تختلط بالناس بكثرة ),دراسة فيها عملي (تطبيق),الاثنين معا,2,نعم
10:12:20 م 2026/01/03,92.7,تمريض,3,5,1,1,تفكير تحليلي,اجتماعي (بتحب تختلط بالناس بكثرة ),دراسة فيها عملي (تطبيق),الاثنين معا,3,لا
10:12:22 م 2026/01/03,55,",تصوير فتغرافي ومواقع سوشل ميديا",5,1,2,5,تفكير منطقي,اجتماعي (بتحب تختلط بالناس بكثرة ),مزيج بين النظري والعملي,الاثنين معا,1,لا
10:12:35 م 2026/01/03,91,هندسة برمجيات,4,3,1,1,تفكير تحليلي,منطوي (ما بتحب كثير تختلط بالناس),مزيج بين النظري والعملي,العمل الفردي,3,نعم
10:12:43 م 2026/01/03,86.5,هندسه شبكات,2,4,5,3,تفكير تحليلي,منطوي (ما بتحب كثير تختلط بالناس),دراسة فيها عملي (تطبيق),العمل الفردي,4,نعم
10:13:01 م 2026/01/03,65,دبلوم محاسبة تقنية ,3,1,5,5,تفكير تحليلي,اجتماعي (بتحب تختلط بالناس بكثرة ),دراسة فيها عملي (تطبيق),الاثنين معا,1,نعم
10:13:12 م 2026/01/03,70.07,امن المعلومات والشبكات ,3,4,3,2,تفكير منطقي,منطوي (ما بتحب كثير تختلط بالناس),مزيج بين النظري والعملي,العمل الجماعي (ضمن فريق),2,نعم
10:13:42 م 2026/01/03,92.65,طب الأسنان ,4,4,2,4,تفكير منطقي,اجتماعي (بتحب تختلط بالناس بكثرة ),دراسة فيها عملي (تطبيق),الاثنين معا,2,نعم
10:13:51 م 2026/01/03,92.75,ادب انجليزي,3,1,2,1,تفكير منطقي,منطوي (ما بتحب كثير تختلط بالناس),دراسة فيها عملي (تطبيق),العمل الفردي,4,نعم
10:13:54 م 2026/01/03,غير ناجح,م درست جامعه,1,1,1,1,تفكير تحليلي,اجتماعي (بتحب تختلط بالناس بكثرة ),دراسة فيها عملي (تطبيق),الاثنين معا,4,نعم
10:14:32 م 2026/01/03,76.75,الكيمياء,4,5,2,2,تفكير منطقي,اجتماعي (بتحب تختلط بالناس بكثرة ),دراسة فيها عملي (تطبيق),الاثنين معا,1,لا
10:14:33 م 2026/01/03,75,أمن سيبراني,5,1,1,4,تفكير منطقي,اجتماعي (بتحب تختلط بالناس بكثرة ),مزيج بين النظري والعملي,الاثنين معا,1,لا
10:14:39 م 2026/01/03,79.6,قباله,1,5,2,3,تفكير منطقي,اجتماعي (بتحب تختلط بالناس بكثرة ),مزيج بين النظري والعملي,العمل الجماعي (ضمن فريق),1,لا
10:14:39 م 2026/01/03,70,اعلام وقمي ,1,2,2,5,تفكير منطقي,اجتماعي (بتحب تختلط بالناس بكثرة ),دراسة فيها عملي (تطبيق),العمل الجماعي (ضمن فريق),2,لا
10:15:25 م 2026/01/03,65%,تجارة واقتصاد,4,5,3,4,تفكير منطقي,منطوي (ما بتحب كثير تختلط بالناس),دراسة فيها عملي (تطبيق),الاثنين معا,3,نعم
10:15:37 م 2026/01/03,93.4,تسويق رقمي,4,2,5,1,تفكير منطقي,اجتماعي (بتحب تختلط بالناس بكثرة ),مزيج بين النظري والعملي,الاثنين معا,2,نعم
10:15:52 م 2026/01/03,91.0,تمريض بكالوريوس ,3,5,5,3,تفكير منطقي,اجتماعي (بتحب تختلط بالناس بكثرة ),مزيج بين النظري والعملي,العمل الفردي,1,لا
10:15:57 م 2026/01/03,93,ارشاد نفسي,1,3,1,1,تفكير تحليلي,اجتماعي (بتحب تختلط بالناس بكثرة ),نظري,العمل الجماعي (ضمن فريق),1,نعم
10:16:25 م 2026/01/03,74.7,طب مخبري,1,5,1,1,تفكير تحليلي,اجتماعي (بتحب تختلط بالناس بكثرة ),دراسة فيها عملي (تطبيق),الاثنين معا,2,لا
10:16:47 م 2026/01/03,٧٢.٨,ارشاد وصحه نفسيه ,2,3,1,1,تفكير منطقي,اجتماعي (بتحب تختلط بالناس بكثرة ),دراسة فيها عملي (تطبيق),العمل الفردي,1,لا
10:16:54 م 2026/01/03,89,هندسه طبيه,4,5,1,5,تفكير تحليلي,منطوي (ما بتحب كثير تختلط بالناس),دراسة فيها عملي (تطبيق),الاثنين معا,3,نعم
10:16:55 م 2026/01/03,خاص,فصل اول,1,1,5,3,تفكير تحليلي,اجتماعي (بتحب تختلط بالناس بكثرة ),مزيج بين النظري والعملي,الاثنين معا,3,لا
10:16:57 م 2026/01/03,72,قانون ,4,5,3,1,تفكير تحليلي,اجتماعي (بتحب تختلط بالناس بكثرة ),دراسة فيها عملي (تطبيق),العمل الفردي,1,لا
10:17:04 م 2026/01/03,65,تدقيق والمراجعة والخبرة في محاسبة,1,1,3,1,تفكير تحليلي,اجتماعي (بتحب تختلط بالناس بكثرة ),دراسة فيها عملي (تطبيق),الاثنين معا,2,لا
10:17:08 م 2026/01/03,93.5,تمريض,1,5,1,1,تفكير منطقي,اجتماعي (بتحب تختلط بالناس بكثرة ),دراسة فيها عملي (تطبيق),الاثنين معا,1,لا
10:17:13 م 2026/01/03,97,علوم الحاسوب,5,1,1,1,تفكير تحليلي,منطوي (ما بتحب كثير تختلط بالناس),مزيج بين النظري والعملي,الاثنين معا,1,لا
10:17:31 م 2026/01/03,82.1,المستحضرات الطبية في التجميل ,3,5,2,2,تفكير منطقي,اجتماعي (بتحب تختلط بالناس بكثرة ),دراسة فيها عملي (تطبيق),الاثنين معا,2,نعم
10:18:48 م 2026/01/03,87,علاج طبيعي ,1,5,1,3,تفكير منطقي,اجتماعي (بتحب تختلط بالناس بكثرة ),دراسة فيها عملي (تطبيق),الاثنين معا,4,لا
10:18:55 م 2026/01/03,82,قباله والعنايه بحديثي الولادة ,2,1,5,3,تفكير منطقي,اجتماعي (بتحب تختلط بالناس بكثرة ),مزيج بين النظري والعملي,الاثنين معا,1,نعم
10:19:25 م 2026/01/03,70,رعايه وتعليم طفولة مبكرة,2,3,1,5,تفكير منطقي,اجتماعي (بتحب تختلط بالناس بكثرة ),مزيج بين النظري والعملي,العمل الفردي,2,نعم
10:19:26 م 2026/01/03,٧٢.٧,تصميم داخلي ,2,3,5,1,تفكير تحليلي,اجتماعي (بتحب تختلط بالناس بكثرة ),مزيج بين النظري والعملي,الاثنين معا,1,لا
10:19:38 م 2026/01/03,71.85,إرشاد نفسي ,3,3,1,1,تفكير تحليلي,منطوي (ما بتحب كثير تختلط بالناس),مزيج بين النظري والعملي,الاثنين معا,1,لا
10:19:43 م 2026/01/03,95.9,طب بشري,3,4,1,2,تفكير منطقي,اجتماعي (بتحب تختلط بالناس بكثرة ),دراسة فيها عملي (تطبيق),العمل الجماعي (ضمن فريق),1,لا
10:19:44 م 2026/01/03,89,تمريض,4,1,4,4,تفكير منطقي,اجتماعي (بتحب تختلط بالناس بكثرة ),نظري,العمل الجماعي (ضمن فريق),3,لا
10:20:01 م 2026/01/03,٩١.٤,اللغة العربية وآدابها ,3,1,1,1,تفكير منطقي,منطوي (ما بتحب كثير تختلط بالناس),مزيج بين النظري والعملي,العمل الفردي,3,نعم
10:20:10 م 2026/01/03,89,ارشاد نفسي,3,2,1,3,تفكير منطقي,اجتماعي (بتحب تختلط بالناس بكثرة ),مزيج بين النظري والعملي,الاثنين معا,2,نعم
10:20:18 م 2026/01/03,٩٨.٦,علم حاسوب ,4,2,2,3,تفكير منطقي,اجتماعي (بتحب تختلط بالناس بكثرة ),مزيج بين النظري والعملي,العمل الفردي,3,نعم
10:20:42 م 2026/01/03,78,علاج فيزيائي ,3,3,3,3,تفكير منطقي,اجتماعي (بتحب تختلط بالناس بكثرة ),دراسة فيها عملي (تطبيق),العمل الجماعي (ضمن فريق),2,لا
10:20:51 م 2026/01/03,90.95,قانون ,2,2,3,5,تفكير منطقي,اجتماعي (بتحب تختلط بالناس بكثرة ),دراسة فيها عملي (تطبيق),الاثنين معا,2,لا
10:20:54 م 2026/01/03,80,قبالة,1,5,2,1,تفكير تحليلي,اجتماعي (بتحب تختلط بالناس بكثرة ),دراسة فيها عملي (تطبيق),الاثنين معا,1,لا
10:21:19 م 2026/01/03,82,اللغه العربيه ,3,1,4,5,تفكير منطقي,اجتماعي (بتحب تختلط بالناس بكثرة ),مزيج بين النظري والعملي,الاثنين معا,2,نعم
10:21:29 م 2026/01/03,78,ادارة اعمال,3,1,5,3,تفكير منطقي,اجتماعي (بتحب تختلط بالناس بكثرة ),مزيج بين النظري والعملي,الاثنين معا,1,نعم
10:21:49 م 2026/01/03,87.05,التسويق الرَقمي ,5,1,3,5,تفكير منطقي,اجتماعي (بتحب تختلط بالناس بكثرة ),دراسة فيها عملي (تطبيق),الاثنين معا,1,لا
10:21:51 م 2026/01/03,87.9,تصميم داخلي,3,2,2,5,تفكير منطقي,منطوي (ما بتحب كثير تختلط بالناس),مزيج بين النظري والعملي,الاثنين معا,1,نعم
10:22:10 م 2026/01/03,83٫9,هندسة كهربائية ,4,2,4,5,تفكير منطقي,اجتماعي (بتحب تختلط بالناس بكثرة ),مزيج بين النظري والعملي,الاثنين معا,2,نعم
10:22:29 م 2026/01/03,70,معلمه,3,4,5,1,تفكير منطقي,اجتماعي (بتحب تختلط بالناس بكثرة ),مزيج بين النظري والعملي,الاثنين معا,1,لا
10:22:29 م 2026/01/03,79.1,اللغة العربية وآدابها ,1,2,1,1,تفكير منطقي,منطوي (ما بتحب كثير تختلط بالناس),نظري,العمل الفردي,1,لا
10:22:34 م 2026/01/03,80,معلم ,1,5,5,3,تفكير منطقي,اجتماعي (بتحب تختلط بالناس بكثرة ),نظري,الاثنين معا,1,نعم
10:22:44 م 2026/01/03,95.6,طب اسنان,3,5,2,4,تفكير تحليلي,اجتماعي (بتحب تختلط بالناس بكثرة ),مزيج بين النظري والعملي,الاثنين معا,1,نعم
10:22:49 م 2026/01/03,97.4,هندسة انظمة حاسوب,5,3,1,2,تفكير تحليلي,منطوي (ما بتحب كثير تختلط بالناس),دراسة فيها عملي (تطبيق),العمل الفردي,2,لا
10:23:20 م 2026/01/03,80,علم البيانات و الذكاء الاصطناعي ,3,2,2,1,تفكير تحليلي,منطوي (ما بتحب كثير تختلط بالناس),دراسة فيها عملي (تطبيق),الاثنين معا,3,نعم
10:23:34 م 2026/01/03,98.3,طب بشري,3,5,2,1,تفكير منطقي,اجتماعي (بتحب تختلط بالناس بكثرة ),مزيج بين النظري والعملي,الاثنين معا,1,لا
10:23:46 م 2026/01/03,72,علوم مالية ومصرفيه,2,5,4,5,تفكير تحليلي,اجتماعي (بتحب تختلط بالناس بكثرة ),مزيج بين النظري والعملي,الاثنين معا,2,نعم
10:23:49 م 2026/01/03,82.5 ,تربيه خاصه ,3,4,2,2,تفكير منطقي,اجتماعي (بتحب تختلط بالناس بكثرة ),مزيج بين النظري والعملي,الاثنين معا,2,لا
10:24:17 م 2026/01/03,90,لغة انجليزية ,3,4,3,3,تفكير تحليلي,اجتماعي (بتحب تختلط بالناس بكثرة ),دراسة فيها عملي (تطبيق),الاثنين معا,2,لا
10:25:28 م 2026/01/03,46%,طب جراحة قلبية,5,1,3,3,تفكير منطقي,اجتماعي (بتحب تختلط بالناس بكثرة ),نظري,الاثنين معا,2,نعم
10:25:51 م 2026/01/03,92.6,اداره رقميه في الاعمال,5,2,5,5,تفكير منطقي,اجتماعي (بتحب تختلط بالناس بكثرة ),نظري,الاثنين معا,2,لا
10:26:34 م 2026/01/03,85%,تغذيه سريريه و حميات,1,5,3,4,تفكير منطقي,اجتماعي (بتحب تختلط بالناس بكثرة ),مزيج بين النظري والعملي,العمل الفردي,1,لا
10:26:47 م 2026/01/03,96٫7,علم حاسوب ,4,1,1,1,تفكير تحليلي,اجتماعي (بتحب تختلط بالناس بكثرة ),مزيج بين النظري والعملي,العمل الفردي,1,لا
10:27:11 م 2026/01/03,77,ادب ودراسات باللغه الانجليزيه,3,5,1,5,تفكير منطقي,منطوي (ما بتحب كثير تختلط بالناس),دراسة فيها عملي (تطبيق),العمل الجماعي (ضمن فريق),2,نعم
10:27:25 م 2026/01/03,90.55,علم وتكنولوجيا الغذاء ,2,1,1,1,تفكير تحليلي,منطوي (ما بتحب كثير تختلط بالناس),مزيج بين النظري والعملي,العمل الفردي,1,لا
10:28:20 م 2026/01/03,85,إدارة أعمال ,5,3,5,4,تفكير منطقي,منطوي (ما بتحب كثير تختلط بالناس),دراسة فيها عملي (تطبيق),الاثنين معا,2,نعم
10:29:29 م 2026/01/03,88,اداره اعمال ,1,1,5,2,تفكير منطقي,اجتماعي (بتحب تختلط بالناس بكثرة ),مزيج بين النظري والعملي,الاثنين معا,4,لا
10:30:11 م 2026/01/03,٩٤:٣,تكنولجبا ماليه,2,5,5,5,تفكير تحليلي,اجتماعي (بتحب تختلط بالناس بكثرة ),مزيج بين النظري والعملي,الاثنين معا,1,لا
10:30:19 م 2026/01/03,75٫85,الشريعه فقه واصوله,2,2,2,2,تفكير منطقي,اجتماعي (بتحب تختلط بالناس بكثرة ),دراسة فيها عملي (تطبيق),الاثنين معا,1,لا
10:31:28 م 2026/01/03,95,طب اسنان,3,5,2,4,تفكير منطقي,منطوي (ما بتحب كثير تختلط بالناس),دراسة فيها عملي (تطبيق),الاثنين معا,1,لا
10:31:32 م 2026/01/03,99.2,طب أسنان ,4,5,4,1,تفكير منطقي,اجتماعي (بتحب تختلط بالناس بكثرة ),نظري,العمل الفردي,1,لا
10:32:01 م 2026/01/03,99,ذكاء الاصطناعي,1,2,1,4,تفكير تحليلي,منطوي (ما بتحب كثير تختلط بالناس),نظري,العمل الفردي,4,لا
10:32:25 م 2026/01/03,76,علم حاسوب,4,3,3,2,تفكير تحليلي,منطوي (ما بتحب كثير تختلط بالناس),دراسة فيها عملي (تطبيق),الاثنين معا,2,لا
10:32:54 م 2026/01/03,98.4,تكنولوجيا مالية,4,1,4,1,تفكير منطقي,منطوي (ما بتحب كثير تختلط بالناس),مزيج بين النظري والعملي,الاثنين معا,3,نعم
10:33:25 م 2026/01/03,98.3,هندسة أمن سيبراني ,2,1,5,3,تفكير تحليلي,منطوي (ما بتحب كثير تختلط بالناس),مزيج بين النظري والعملي,الاثنين معا,3,نعم
10:33:35 م 2026/01/03,70,تمريض ,5,3,1,1,تفكير منطقي,منطوي (ما بتحب كثير تختلط بالناس),دراسة فيها عملي (تطبيق),الاثنين معا,2,لا
10:33:40 م 2026/01/03,94,تمريض,3,5,3,3,تفكير منطقي,منطوي (ما بتحب كثير تختلط بالناس),مزيج بين النظري والعملي,الاثنين معا,2,نعم
10:33:40 م 2026/01/03,76.4,المحافظة على الاثار السياحية,2,1,3,4,تفكير منطقي,اجتماعي (بتحب تختلط بالناس بكثرة ),دراسة فيها عملي (تطبيق),العمل الجماعي (ضمن فريق),2,نعم
10:33:41 م 2026/01/03,80,محاسبة ,4,2,5,4,تفكير منطقي,اجتماعي (بتحب تختلط بالناس بكثرة ),مزيج بين النظري والعملي,الاثنين معا,1,لا
10:34:21 م 2026/01/03,84,تربية بدنية تطبيقي ,1,5,2,2,تفكير منطقي,منطوي (ما بتحب كثير تختلط بالناس),دراسة فيها عملي (تطبيق),العمل الفردي,1,لا
10:35:19 م 2026/01/03,٩٤.٠٥,طب بشري,3,5,2,1,تفكير تحليلي,اجتماعي (بتحب تختلط بالناس بكثرة ),مزيج بين النظري والعملي,العمل الجماعي (ضمن فريق),1,لا
10:35:35 م 2026/01/03,93,صيدلة,2,5,4,1,تفكير تحليلي,اجتماعي (بتحب تختلط بالناس بكثرة ),دراسة فيها عملي (تطبيق),الاثنين معا,2,نعم
10:37:12 م 2026/01/03,94.45,صيدلة,4,5,3,3,تفكير منطقي,اجتماعي (بتحب تختلط بالناس بكثرة ),مزيج بين النظري والعملي,الاثنين معا,2,لا
10:37:16 م 2026/01/03,96,علاج طبيعي,5,4,2,1,تفكير منطقي,اجتماعي (بتحب تختلط بالناس بكثرة ),مزيج بين النظري والعملي,الاثنين معا,3,نعم
10:38:11 م 2026/01/03,89,هندسة حاسوب,3,1,4,3,تفكير منطقي,اجتماعي (بتحب تختلط بالناس بكثرة ),نظري,الاثنين معا,2,نعم
10:38:15 م 2026/01/03,84.4,هندسة قوى كهربائيه,4,2,1,2,تفكير منطقي,منطوي (ما بتحب كثير تختلط بالناس),مزيج بين النظري والعملي,الاثنين معا,3,نعم
10:38:24 م 2026/01/03,93,General medicine,3,5,2,1,تفكير منطقي,اجتماعي (بتحب تختلط بالناس بكثرة ),مزيج بين النظري والعملي,الاثنين معا,1,لا
10:39:11 م 2026/01/03,50.30,محاسبه ,3,2,2,1,تفكير منطقي,منطوي (ما بتحب كثير تختلط بالناس),دراسة فيها عملي (تطبيق),العمل الفردي,3,نعم
10:40:11 م 2026/01/03,91,علم حاسوب ,3,4,2,2,تفكير تحليلي,اجتماعي (بتحب تختلط بالناس بكثرة ),مزيج بين النظري والعملي,العمل الجماعي (ضمن فريق),4,نعم
10:41:09 م 2026/01/03,70,تخرجت تصميم داخلي وديكور,3,1,4,4,تفكير منطقي,اجتماعي (بتحب تختلط بالناس بكثرة ),دراسة فيها عملي (تطبيق),الاثنين معا,2,لا
10:41:14 م 2026/01/03,20 من، 30 جيل 2008,لسا,1,1,1,1,تفكير تحليلي,اجتماعي (بتحب تختلط بالناس بكثرة ),مزيج بين النظري والعملي,العمل الفردي,1,لا
10:41:28 م 2026/01/03,74,التسويق ,3,3,5,3,تفكير منطقي,اجتماعي (بتحب تختلط بالناس بكثرة ),مزيج بين النظري والعملي,العمل الجماعي (ضمن فريق),2,نعم
10:41:37 م 2026/01/03,83,تخرجت/ بكالوريوس صيدلة,3,4,1,1,تفكير تحليلي,اجتماعي (بتحب تختلط بالناس بكثرة ),مزيج بين النظري والعملي,الاثنين معا,4,نعم
10:43:11 م 2026/01/03,88,هندسة انضمة حاسوب ,3,1,1,3,تفكير منطقي,منطوي (ما بتحب كثير تختلط بالناس),مزيج بين النظري والعملي,الاثنين معا,3,نعم
10:43:23 م 2026/01/03,90٫2,تغذية سريرية,2,4,2,5,تفكير منطقي,اجتماعي (بتحب تختلط بالناس بكثرة ),مزيج بين النظري والعملي,العمل الفردي,1,لا
10:44:33 م 2026/01/03,85.1,هندسة كيميائية/صناعات كيميائية ,2,1,4,4,تفكير تحليلي,اجتماعي (بتحب تختلط بالناس بكثرة ),دراسة فيها عملي (تطبيق),الاثنين معا,3,نعم
10:46:23 م 2026/01/03,85,ذكاء اصطناعي,5,3,2,3,تفكير تحليلي,اجتماعي (بتحب تختلط بالناس بكثرة ),مزيج بين النظري والعملي,الاثنين معا,1,لا
10:46:31 م 2026/01/03,80.7,Digital marketing ,5,3,5,4,تفكير تحليلي,اجتماعي (بتحب تختلط بالناس بكثرة ),دراسة فيها عملي (تطبيق),العمل الجماعي (ضمن فريق),2,لا
10:47:31 م 2026/01/03,89.85,ادارة وتدريب رياضي ,3,4,3,3,تفكير منطقي,اجتماعي (بتحب تختلط بالناس بكثرة ),مزيج بين النظري والعملي,الاثنين معا,2,نعم
10:48:15 م 2026/01/03,58,هندسة برمجيات,5,2,3,3,تفكير منطقي,اجتماعي (بتحب تختلط بالناس بكثرة ),مزيج بين النظري والعملي,العمل الجماعي (ضمن فريق),1,لا
10:48:19 م 2026/01/03,87.5,محاسبه بلانجليزي,3,3,3,3,تفكير تحليلي,اجتماعي (بتحب تختلط بالناس بكثرة ),مزيج بين النظري والعملي,العمل الجماعي (ضمن فريق),3,لا
10:48:22 م 2026/01/03,90,الإدارة الضريبية والجمركية ,3,1,5,2,تفكير منطقي,اجتماعي (بتحب تختلط بالناس بكثرة ),مزيج بين النظري والعملي,الاثنين معا,1,لا
10:50:02 م 2026/01/03,96.1,هندسة الحاسوب,3,1,3,2,تفكير تحليلي,منطوي (ما بتحب كثير تختلط بالناس),مزيج بين النظري والعملي,الاثنين معا,4,لا
10:51:51 م 2026/01/03,91.7,قانون,2,1,1,1,تفكير تحليلي,اجتماعي (بتحب تختلط بالناس بكثرة ),دراسة فيها عملي (تطبيق),الاثنين معا,1,نعم
10:52:53 م 2026/01/03,71,امن سبراني,4,4,4,4,تفكير منطقي,اجتماعي (بتحب تختلط بالناس بكثرة ),مزيج بين النظري والعملي,الاثنين معا,1,لا
10:53:10 م 2026/01/03,91,تجميل,4,4,4,3,تفكير منطقي,اجتماعي (بتحب تختلط بالناس بكثرة ),مزيج بين النظري والعملي,العمل الجماعي (ضمن فريق),3,لا
10:53:39 م 2026/01/03,72,طفوله ممبكره ,3,2,3,4,تفكير منطقي,اجتماعي (بتحب تختلط بالناس بكثرة ),مزيج بين النظري والعملي,العمل الفردي,1,لا
10:53:43 م 2026/01/03,93.9,اللغتين الألمانية والإنجليزية ,3,1,1,5,تفكير منطقي,منطوي (ما بتحب كثير تختلط بالناس),دراسة فيها عملي (تطبيق),العمل الفردي,3,نعم
10:54:02 م 2026/01/03,89.8,هندسة كهربائية ,3,1,4,3,تفكير منطقي,اجتماعي (بتحب تختلط بالناس بكثرة ),مزيج بين النظري والعملي,العمل الجماعي (ضمن فريق),1,لا
10:54:20 م 2026/01/03,75,الادارة السياحية,4,1,4,1,تفكير منطقي,اجتماعي (بتحب تختلط بالناس بكثرة ),مزيج بين النظري والعملي,الاثنين معا,3,نعم
10:54:33 م 2026/01/03,90,علم نفس,1,1,1,3,تفكير تحليلي,اجتماعي (بتحب تختلط بالناس بكثرة ),دراسة فيها عملي (تطبيق),الاثنين معا,3,نعم
10:54:54 م 2026/01/03,69٫01,تربيه خاصه ,1,3,1,2,تفكير منطقي,منطوي (ما بتحب كثير تختلط بالناس),مزيج بين النظري والعملي,الاثنين معا,2,لا
10:55:38 م 2026/01/03,75,ترجمه تطبيقية,5,3,5,5,تفكير تحليلي,اجتماعي (بتحب تختلط بالناس بكثرة ),مزيج بين النظري والعملي,العمل الجماعي (ضمن فريق),1,لا
10:56:24 م 2026/01/03,67,علم حاسوب ,5,1,4,3,تفكير منطقي,منطوي (ما بتحب كثير تختلط بالناس),دراسة فيها عملي (تطبيق),الاثنين معا,1,لا
10:56:25 م 2026/01/03,2.68,تصميم داخلي,3,1,1,5,تفكير تحليلي,منطوي (ما بتحب كثير تختلط بالناس),دراسة فيها عملي (تطبيق),العمل الفردي,2,لا
10:57:08 م 2026/01/03,94,هندسة حاسب الي ,4,3,3,3,تفكير منطقي,منطوي (ما بتحب كثير تختلط بالناس),مزيج بين النظري والعملي,العمل الجماعي (ضمن فريق),2,لا
10:57:39 م 2026/01/03,91.4,قبالة ,5,5,1,2,تفكير منطقي,منطوي (ما بتحب كثير تختلط بالناس),مزيج بين النظري والعملي,الاثنين معا,4,لا
10:58:04 م 2026/01/03,60,صيدلة,4,5,3,1,تفكير منطقي,منطوي (ما بتحب كثير تختلط بالناس),مزيج بين النظري والعملي,الاثنين معا,1,نعم
10:58:45 م 2026/01/03,70.2,اللغة العربية وآدابها.,1,1,1,1,تفكير منطقي,منطوي (ما بتحب كثير تختلط بالناس),دراسة فيها عملي (تطبيق),الاثنين معا,3,لا
10:59:00 م 2026/01/03,86.3,محاسبه وتدقيق,2,3,2,3,تفكير تحليلي,منطوي (ما بتحب كثير تختلط بالناس),مزيج بين النظري والعملي,العمل الجماعي (ضمن فريق),2,نعم
10:59:48 م 2026/01/03,95%,حقوق,4,1,3,1,تفكير تحليلي,اجتماعي (بتحب تختلط بالناس بكثرة ),دراسة فيها عملي (تطبيق),الاثنين معا,1,لا
11:00:03 م 2026/01/03,92,طب بشري,1,5,2,4,تفكير منطقي,اجتماعي (بتحب تختلط بالناس بكثرة ),مزيج بين النظري والعملي,الاثنين معا,1,لا
11:00:24 م 2026/01/03,77,اداره اعمال,3,1,4,2,تفكير منطقي,منطوي (ما بتحب كثير تختلط بالناس),دراسة فيها عملي (تطبيق),العمل الفردي,3,نعم
11:00:37 م 2026/01/03,94,امن سيبراني ,4,3,1,1,تفكير منطقي,منطوي (ما بتحب كثير تختلط بالناس),مزيج بين النظري والعملي,العمل الفردي,2,نعم
11:01:00 م 2026/01/03,70,دعم لوجستي,5,5,5,5,تفكير منطقي,اجتماعي (بتحب تختلط بالناس بكثرة ),دراسة فيها عملي (تطبيق),العمل الجماعي (ضمن فريق),3,نعم
11:01:06 م 2026/01/03,72,تعقيم,3,3,1,2,تفكير تحليلي,منطوي (ما بتحب كثير تختلط بالناس),دراسة فيها عملي (تطبيق),الاثنين معا,1,نعم
11:01:22 م 2026/01/03,72,ادب انجليزي _ اسباني,3,1,1,4,تفكير تحليلي,منطوي (ما بتحب كثير تختلط بالناس),مزيج بين النظري والعملي,العمل الجماعي (ضمن فريق),1,لا
11:01:47 م 2026/01/03,95.2,طب,4,2,5,1,تفكير تحليلي,اجتماعي (بتحب تختلط بالناس بكثرة ),مزيج بين النظري والعملي,الاثنين معا,2,نعم
11:01:51 م 2026/01/03,87.9,هندسة ذكاء اصطناعي ,5,3,1,3,تفكير منطقي,اجتماعي (بتحب تختلط بالناس بكثرة ),مزيج بين النظري والعملي,الاثنين معا,2,لا
11:02:25 م 2026/01/03,80.5,نظم معلومات ادارية,5,5,3,2,تفكير منطقي,اجتماعي (بتحب تختلط بالناس بكثرة ),مزيج بين النظري والعملي,الاثنين معا,1,لا
11:02:46 م 2026/01/03,73.15,قانون,2,1,1,1,تفكير تحليلي,منطوي (ما بتحب كثير تختلط بالناس),دراسة فيها عملي (تطبيق),الاثنين معا,1,لا
11:04:45 م 2026/01/03,86,هندسة انظمة حاسوب ,5,2,3,3,تفكير منطقي,اجتماعي (بتحب تختلط بالناس بكثرة ),دراسة فيها عملي (تطبيق),الاثنين معا,3,نعم
11:05:00 م 2026/01/03,70,اللغة الانجليزية وآدابها ,4,2,2,2,تفكير تحليلي,اجتماعي (بتحب تختلط بالناس بكثرة ),دراسة فيها عملي (تطبيق),الاثنين معا,4,نعم
11:05:32 م 2026/01/03,٩٥.٠٥,صيدلة,1,5,2,1,تفكير منطقي,منطوي (ما بتحب كثير تختلط بالناس),دراسة فيها عملي (تطبيق),العمل الفردي,4,نعم
11:06:49 م 2026/01/03,85,إدارة واتمتة مكاتب ,4,1,5,3,تفكير تحليلي,اجتماعي (بتحب تختلط بالناس بكثرة ),دراسة فيها عملي (تطبيق),الاثنين معا,4,لا
11:07:05 م 2026/01/03,سعودي,هندسة ميكاترونكس ,3,2,1,1,تفكير منطقي,منطوي (ما بتحب كثير تختلط بالناس),مزيج بين النظري والعملي,العمل الفردي,1,لا
11:07:31 م 2026/01/03,70.3,محاسبة تقنية ,3,2,5,5,تفكير منطقي,منطوي (ما بتحب كثير تختلط بالناس),دراسة فيها عملي (تطبيق),الاثنين معا,2,نعم
11:07:51 م 2026/01/03,64,اعلام تربوي ,3,2,4,4,تفكير تحليلي,منطوي (ما بتحب كثير تختلط بالناس),مزيج بين النظري والعملي,الاثنين معا,2,نعم
11:08:26 م 2026/01/03,78,كيمياء,4,2,2,4,تفكير تحليلي,منطوي (ما بتحب كثير تختلط بالناس),مزيج بين النظري والعملي,الاثنين معا,1,لا
11:09:01 م 2026/01/03,71.45,هندسة يرمجيات,3,2,1,1,تفكير منطقي,منطوي (ما بتحب كثير تختلط بالناس),مزيج بين النظري والعملي,العمل الجماعي (ضمن فريق),2,نعم
11:11:34 م 2026/01/03,87.1,هندسة كهرباء ,3,1,2,4,تفكير منطقي,اجتماعي (بتحب تختلط بالناس بكثرة ),مزيج بين النظري والعملي,الاثنين معا,2,لا
11:11:57 م 2026/01/03,59.6 ,ادارة الاعمال ,1,1,3,1,تفكير تحليلي,منطوي (ما بتحب كثير تختلط بالناس),نظري,العمل الجماعي (ضمن فريق),4,نعم
11:12:24 م 2026/01/03,64.9,تمريض,3,5,3,2,تفكير منطقي,اجتماعي (بتحب تختلط بالناس بكثرة ),مزيج بين النظري والعملي,العمل الفردي,2,نعم
11:12:56 م 2026/01/03,62.3,تقنية معلومات,5,3,4,5,تفكير منطقي,اجتماعي (بتحب تختلط بالناس بكثرة ),مزيج بين النظري والعملي,الاثنين معا,2,نعم
11:13:00 م 2026/01/03,79,انجليزي تتطبيقي ,3,3,3,4,تفكير تحليلي,اجتماعي (بتحب تختلط بالناس بكثرة ),دراسة فيها عملي (تطبيق),العمل الجماعي (ضمن فريق),2,لا
11:13:13 م 2026/01/03,"٥٩,١٪؜",تمريض عام,3,5,1,1,تفكير منطقي,اجتماعي (بتحب تختلط بالناس بكثرة ),دراسة فيها عملي (تطبيق),العمل الجماعي (ضمن فريق),1,نعم
11:13:13 م 2026/01/03,95,مختبرات طبية,3,5,2,1,تفكير منطقي,اجتماعي (بتحب تختلط بالناس بكثرة ),دراسة فيها عملي (تطبيق),العمل الجماعي (ضمن فريق),4,لا
11:14:45 م 2026/01/03,87,تربية خاصة,5,2,3,1,تفكير منطقي,اجتماعي (بتحب تختلط بالناس بكثرة ),مزيج بين النظري والعملي,العمل الجماعي (ضمن فريق),2,نعم
11:15:26 م 2026/01/03,55,تركيبات اسنان ,5,4,2,5,تفكير منطقي,منطوي (ما بتحب كثير تختلط بالناس),مزيج بين النظري والعملي,الاثنين معا,2,لا
11:16:05 م 2026/01/03,90,صيدلة,4,4,3,3,تفكير منطقي,منطوي (ما بتحب كثير تختلط بالناس),مزيج بين النظري والعملي,الاثنين معا,2,نعم
11:17:02 م 2026/01/03,71.9,تمريض مشارك ,2,5,1,3,تفكير تحليلي,اجتماعي (بتحب تختلط بالناس بكثرة ),دراسة فيها عملي (تطبيق),الاثنين معا,2,نعم
11:17:17 م 2026/01/03,85,آداب لغة انجليزية,3,5,1,5,تفكير منطقي,اجتماعي (بتحب تختلط بالناس بكثرة ),مزيج بين النظري والعملي,العمل الفردي,1,لا
11:17:32 م 2026/01/03,60.01,تكنولوجيا مختبرات اسنان ,5,5,5,5,تفكير منطقي,اجتماعي (بتحب تختلط بالناس بكثرة ),دراسة فيها عملي (تطبيق),الاثنين معا,4,نعم
11:17:53 م 2026/01/03,71.3,فرنسي و إنجليزي ,3,2,4,2,تفكير منطقي,اجتماعي (بتحب تختلط بالناس بكثرة ),مزيج بين النظري والعملي,العمل الجماعي (ضمن فريق),2,نعم
11:18:21 م 2026/01/03,98,طب,2,3,1,1,تفكير منطقي,اجتماعي (بتحب تختلط بالناس بكثرة ),دراسة فيها عملي (تطبيق),الاثنين معا,1,لا
11:19:00 م 2026/01/03,92,علم حاسوب,5,2,2,2,تفكير منطقي,اجتماعي (بتحب تختلط بالناس بكثرة ),دراسة فيها عملي (تطبيق),الاثنين معا,1,لا
11:19:45 م 2026/01/03,93,الإدارة السياحية ,3,3,5,3,تفكير منطقي,اجتماعي (بتحب تختلط بالناس بكثرة ),مزيج بين النظري والعملي,العمل الفردي,1,لا
11:20:04 م 2026/01/03,89,هندسة كهربائية ,2,4,2,3,تفكير منطقي,اجتماعي (بتحب تختلط بالناس بكثرة ),مزيج بين النظري والعملي,العمل الجماعي (ضمن فريق),2,نعم
11:21:14 م 2026/01/03,85,ذكاء اصطناعي ,1,4,2,3,تفكير منطقي,اجتماعي (بتحب تختلط بالناس بكثرة ),مزيج بين النظري والعملي,الاثنين معا,1,لا
11:22:16 م 2026/01/03,70,إدارة سياحيه ,1,1,5,1,تفكير منطقي,منطوي (ما بتحب كثير تختلط بالناس),مزيج بين النظري والعملي,العمل الجماعي (ضمن فريق),4,نعم
11:22:47 م 2026/01/03,80,كيمياء,2,4,1,1,تفكير منطقي,منطوي (ما بتحب كثير تختلط بالناس),دراسة فيها عملي (تطبيق),الاثنين معا,3,نعم
11:23:04 م 2026/01/03,93,نظم معلومات ادارية ,5,3,5,5,تفكير منطقي,اجتماعي (بتحب تختلط بالناس بكثرة ),دراسة فيها عملي (تطبيق),الاثنين معا,3,نعم
11:25:02 م 2026/01/03,93,علوم جمركيه وضريبه,1,1,5,3,تفكير تحليلي,اجتماعي (بتحب تختلط بالناس بكثرة ),دراسة فيها عملي (تطبيق),الاثنين معا,1,لا
11:25:47 م 2026/01/03,84,رياضيات,3,1,4,2,تفكير منطقي,اجتماعي (بتحب تختلط بالناس بكثرة ),مزيج بين النظري والعملي,العمل الجماعي (ضمن فريق),2,لا
11:26:09 م 2026/01/03,14/20,علوم وتكنولوجيا,3,1,1,1,تفكير منطقي,اجتماعي (بتحب تختلط بالناس بكثرة ),مزيج بين النظري والعملي,العمل الفردي,1,لا
11:26:19 م 2026/01/03,89.35,علاج وظيفي,2,5,2,2,تفكير منطقي,اجتماعي (بتحب تختلط بالناس بكثرة ),دراسة فيها عملي (تطبيق),الاثنين معا,2,نعم
11:26:25 م 2026/01/03,٩٢.١,تصميم داخلي,3,2,4,5,تفكير منطقي,منطوي (ما بتحب كثير تختلط بالناس),مزيج بين النظري والعملي,العمل الفردي,3,نعم
11:27:04 م 2026/01/03,94,تصميم داخلي ,2,2,4,5,تفكير منطقي,اجتماعي (بتحب تختلط بالناس بكثرة ),مزيج بين النظري والعملي,الاثنين معا,1,لا
11:27:20 م 2026/01/03,63.3,قباله,1,3,1,1,تفكير منطقي,اجتماعي (بتحب تختلط بالناس بكثرة ),مزيج بين النظري والعملي,الاثنين معا,4,نعم
11:27:20 م 2026/01/03,52,إدارة أتمتة مكاتب,2,1,5,1,تفكير منطقي,اجتماعي (بتحب تختلط بالناس بكثرة ),دراسة فيها عملي (تطبيق),الاثنين معا,1,لا
11:29:24 م 2026/01/03,65,تمريض,2,5,1,4,تفكير منطقي,اجتماعي (بتحب تختلط بالناس بكثرة ),دراسة فيها عملي (تطبيق),العمل الفردي,1,لا
11:30:35 م 2026/01/03,72,تخرجت نظم معلومات حاسوبية ,2,2,3,3,تفكير منطقي,اجتماعي (بتحب تختلط بالناس بكثرة ),دراسة فيها عملي (تطبيق),الاثنين معا,3,نعم
11:31:51 م 2026/01/03,86.05,إدارة وتدريب رياضي ,3,1,2,4,تفكير منطقي,اجتماعي (بتحب تختلط بالناس بكثرة ),مزيج بين النظري والعملي,الاثنين معا,3,نعم
11:32:48 م 2026/01/03,95.4,تمريض ,1,5,1,1,تفكير منطقي,اجتماعي (بتحب تختلط بالناس بكثرة ),مزيج بين النظري والعملي,الاثنين معا,1,لا
11:32:56 م 2026/01/03,90,محاسبة,1,1,1,1,تفكير منطقي,اجتماعي (بتحب تختلط بالناس بكثرة ),مزيج بين النظري والعملي,العمل الفردي,4,لا
11:34:19 م 2026/01/03,87.6,التصوير الاشعاعي ,3,5,1,2,تفكير تحليلي,اجتماعي (بتحب تختلط بالناس بكثرة ),مزيج بين النظري والعملي,الاثنين معا,3,نعم
11:35:01 م 2026/01/03,92,علوم مالية ومصرفية ,4,2,5,3,تفكير تحليلي,منطوي (ما بتحب كثير تختلط بالناس),مزيج بين النظري والعملي,العمل الجماعي (ضمن فريق),2,نعم
11:36:53 م 2026/01/03,58.85,تمريض مشارك,3,4,3,2,تفكير منطقي,اجتماعي (بتحب تختلط بالناس بكثرة ),دراسة فيها عملي (تطبيق),الاثنين معا,1,لا
11:39:41 م 2026/01/03,70,علوم حاسوب ,5,2,3,3,تفكير منطقي,منطوي (ما بتحب كثير تختلط بالناس),مزيج بين النظري والعملي,العمل الجماعي (ضمن فريق),2,نعم
11:40:59 م 2026/01/03,85,ارشاد نفسي ,1,3,5,3,تفكير تحليلي,منطوي (ما بتحب كثير تختلط بالناس),مزيج بين النظري والعملي,الاثنين معا,4,نعم
11:42:05 م 2026/01/03,79,علم نفس,4,4,3,3,تفكير منطقي,اجتماعي (بتحب تختلط بالناس بكثرة ),مزيج بين النظري والعملي,الاثنين معا,3,نعم
11:42:07 م 2026/01/03,77,إدارة أعمال ,5,2,5,4,تفكير تحليلي,اجتماعي (بتحب تختلط بالناس بكثرة ),دراسة فيها عملي (تطبيق),العمل الجماعي (ضمن فريق),3,لا
11:42:31 م 2026/01/03,75,معلم صف,3,2,1,1,تفكير تحليلي,اجتماعي (بتحب تختلط بالناس بكثرة ),مزيج بين النظري والعملي,الاثنين معا,1,لا
11:42:34 م 2026/01/03,90,علم حاسوب,4,2,1,1,تفكير منطقي,اجتماعي (بتحب تختلط بالناس بكثرة ),دراسة فيها عملي (تطبيق),العمل الفردي,3,نعم
11:43:21 م 2026/01/03,88.3,هندسة كهربائية ,4,1,1,3,تفكير منطقي,منطوي (ما بتحب كثير تختلط بالناس),دراسة فيها عملي (تطبيق),العمل الفردي,2,لا
11:44:35 م 2026/01/03,87.5,إدارة مخاطر وتأمين ,3,2,4,2,تفكير تحليلي,منطوي (ما بتحب كثير تختلط بالناس),دراسة فيها عملي (تطبيق),الاثنين معا,4,نعم
11:44:42 م 2026/01/03,79,تربية خاصة ,2,1,5,5,تفكير منطقي,منطوي (ما بتحب كثير تختلط بالناس),دراسة فيها عملي (تطبيق),الاثنين معا,2,نعم
11:44:48 م 2026/01/03,78,ذكاء اصطناعي ,4,3,3,3,تفكير منطقي,اجتماعي (بتحب تختلط بالناس بكثرة ),دراسة فيها عملي (تطبيق),العمل الجماعي (ضمن فريق),2,نعم
11:45:09 م 2026/01/03,83,هندسة الميكاترونيكس,5,2,3,4,تفكير منطقي,اجتماعي (بتحب تختلط بالناس بكثرة ),مزيج بين النظري والعملي,الاثنين معا,2,لا
11:45:27 م 2026/01/03,82,مختبرات طبية ,2,5,1,3,تفكير تحليلي,منطوي (ما بتحب كثير تختلط بالناس),مزيج بين النظري والعملي,العمل الفردي,1,نعم
11:45:52 م 2026/01/03,65,ادارة الاعمال,4,2,2,4,تفكير منطقي,اجتماعي (بتحب تختلط بالناس بكثرة ),دراسة فيها عملي (تطبيق),العمل الجماعي (ضمن فريق),1,نعم
11:46:02 م 2026/01/03,68,تصميم أزياء ,3,2,3,4,تفكير منطقي,منطوي (ما بتحب كثير تختلط بالناس),دراسة فيها عملي (تطبيق),العمل الفردي,2,لا
11:49:02 م 2026/01/03,٧٧'٨,علم حاسوب,5,1,1,1,تفكير منطقي,اجتماعي (بتحب تختلط بالناس بكثرة ),دراسة فيها عملي (تطبيق),العمل الجماعي (ضمن فريق),1,نعم
11:50:19 م 2026/01/03,82,هندسه مدنيه ,3,1,1,4,تفكير تحليلي,اجتماعي (بتحب تختلط بالناس بكثرة ),دراسة فيها عملي (تطبيق),العمل الجماعي (ضمن فريق),3,لا
11:50:45 م 2026/01/03,80,قانون,1,4,1,5,تفكير منطقي,اجتماعي (بتحب تختلط بالناس بكثرة ),نظري,العمل الفردي,3,نعم
11:50:51 م 2026/01/03,62.6,التربيه الخاصه ,4,3,2,2,تفكير منطقي,اجتماعي (بتحب تختلط بالناس بكثرة ),دراسة فيها عملي (تطبيق),العمل الجماعي (ضمن فريق),3,نعم
11:51:18 م 2026/01/03,99.99,طب,3,5,2,2,تفكير تحليلي,اجتماعي (بتحب تختلط بالناس بكثرة ),مزيج بين النظري والعملي,الاثنين معا,1,لا
11:51:23 م 2026/01/03,78%,علوم مخبرية طبية,1,5,1,1,تفكير منطقي,منطوي (ما بتحب كثير تختلط بالناس),دراسة فيها عملي (تطبيق),العمل الفردي,4,نعم
11:52:33 م 2026/01/03,٩٦.٣,رئيسي لغة انجليزية فرعي لغة فرنسية,2,2,2,3,تفكير منطقي,اجتماعي (بتحب تختلط بالناس بكثرة ),مزيج بين النظري والعملي,العمل الفردي,2,لا
11:52:42 م 2026/01/03,99.99,طب,1,5,2,2,تفكير تحليلي,اجتماعي (بتحب تختلط بالناس بكثرة ),مزيج بين النظري والعملي,الاثنين معا,1,لا
11:53:25 م 2026/01/03,95.5,هندسة العمارة,3,1,4,5,تفكير منطقي,منطوي (ما بتحب كثير تختلط بالناس),مزيج بين النظري والعملي,العمل الفردي,1,لا
11:53:54 م 2026/01/03,80,عمل اجتماعي,1,1,1,1,تفكير تحليلي,اجتماعي (بتحب تختلط بالناس بكثرة ),دراسة فيها عملي (تطبيق),الاثنين معا,4,نعم
11:54:38 م 2026/01/03,75٫8,التعليم الجامع وتربيه الخاصه ,3,2,5,4,تفكير منطقي,اجتماعي (بتحب تختلط بالناس بكثرة ),مزيج بين النظري والعملي,الاثنين معا,1,لا
11:55:26 م 2026/01/03,90,مختبرات طبية ,2,4,1,2,تفكير منطقي,منطوي (ما بتحب كثير تختلط بالناس),دراسة فيها عملي (تطبيق),الاثنين معا,2,نعم
11:55:28 م 2026/01/03,93,المحاسبة,2,1,4,4,تفكير منطقي,منطوي (ما بتحب كثير تختلط بالناس),دراسة فيها عملي (تطبيق),الاثنين معا,1,لا
11:56:30 م 2026/01/03,70.75,هندسة برمجيات,5,1,3,2,تفكير منطقي,منطوي (ما بتحب كثير تختلط بالناس),مزيج بين النظري والعملي,العمل الفردي,4,لا
11:56:37 م 2026/01/03,80.70,معلم تربية فنية,2,2,1,5,تفكير تحليلي,اجتماعي (بتحب تختلط بالناس بكثرة ),مزيج بين النظري والعملي,الاثنين معا,4,نعم
11:56:44 م 2026/01/03,72.7,الارشاد النفسي والاسرى,3,5,4,4,تفكير منطقي,اجتماعي (بتحب تختلط بالناس بكثرة ),دراسة فيها عملي (تطبيق),العمل الجماعي (ضمن فريق),1,لا
11:57:01 م 2026/01/03,65,فنون طهي,2,2,3,5,تفكير منطقي,اجتماعي (بتحب تختلط بالناس بكثرة ),مزيج بين النظري والعملي,الاثنين معا,1,نعم
11:57:58 م 2026/01/03,81,قضاء وافتاء,1,4,3,5,تفكير تحليلي,منطوي (ما بتحب كثير تختلط بالناس),دراسة فيها عملي (تطبيق),الاثنين معا,3,نعم
11:59:57 م 2026/01/03,86,علوم طيران ,4,4,4,2,تفكير منطقي,اجتماعي (بتحب تختلط بالناس بكثرة ),مزيج بين النظري والعملي,الاثنين معا,1,لا
12:00:18 ص 2026/01/04,82.6,ادارة مكتبات ومعلومات,3,1,4,5,تفكير منطقي,اجتماعي (بتحب تختلط بالناس بكثرة ),دراسة فيها عملي (تطبيق),الاثنين معا,2,لا
12:00:27 ص 2026/01/04,76.4,محاسبة,1,1,5,1,تفكير تحليلي,اجتماعي (بتحب تختلط بالناس بكثرة ),مزيج بين النظري والعملي,الاثنين معا,1,لا
12:00:51 ص 2026/01/04,90%,قانون,4,5,2,3,تفكير منطقي,اجتماعي (بتحب تختلط بالناس بكثرة ),مزيج بين النظري والعملي,العمل الفردي,2,نعم
12:01:54 ص 2026/01/04,92,نظم معلومات اداريه ,5,3,3,4,تفكير منطقي,منطوي (ما بتحب كثير تختلط بالناس),مزيج بين النظري والعملي,العمل الفردي,1,نعم
12:03:16 ص 2026/01/04,76.5,تكنولوجيا المعلومات ,4,2,4,1,تفكير منطقي,منطوي (ما بتحب كثير تختلط بالناس),دراسة فيها عملي (تطبيق),العمل الفردي,4,نعم
12:07:41 ص 2026/01/04,18/20,هندسة حاسوب,5,3,4,4,تفكير تحليلي,اجتماعي (بتحب تختلط بالناس بكثرة ),مزيج بين النظري والعملي,الاثنين معا,1,لا
12:08:16 ص 2026/01/04,75,أنظمة معلومات حاسوبية,3,1,1,1,تفكير منطقي,اجتماعي (بتحب تختلط بالناس بكثرة ),مزيج بين النظري والعملي,الاثنين معا,1,لا
12:08:17 ص 2026/01/04,82.1,تكنولجيا ويب و وسائط متعدده ,5,3,4,5,تفكير منطقي,اجتماعي (بتحب تختلط بالناس بكثرة ),مزيج بين النظري والعملي,الاثنين معا,1,نعم
12:08:51 ص 2026/01/04,87,تمريض,5,1,2,4,تفكير تحليلي,منطوي (ما بتحب كثير تختلط بالناس),مزيج بين النظري والعملي,العمل الفردي,3,نعم
12:09:56 ص 2026/01/04,90.65,القانون ,5,2,3,4,تفكير تحليلي,اجتماعي (بتحب تختلط بالناس بكثرة ),دراسة فيها عملي (تطبيق),العمل الجماعي (ضمن فريق),1,نعم
12:12:05 ص 2026/01/04,85,تخصص سُمع ونطق,5,5,3,4,تفكير منطقي,اجتماعي (بتحب تختلط بالناس بكثرة ),دراسة فيها عملي (تطبيق),الاثنين معا,1,نعم
12:12:19 ص 2026/01/04,87.9,الادارة السياحية,1,1,1,1,تفكير منطقي,اجتماعي (بتحب تختلط بالناس بكثرة ),مزيج بين النظري والعملي,الاثنين معا,1,لا
12:12:55 ص 2026/01/04,82.8,معلم صف /دبلوم اعداد المعلمين ,3,1,1,1,تفكير منطقي,منطوي (ما بتحب كثير تختلط بالناس),مزيج بين النظري والعملي,الاثنين معا,3,نعم
12:14:58 ص 2026/01/04,95,لغات انجليزي صيني,3,1,3,4,تفكير منطقي,اجتماعي (بتحب تختلط بالناس بكثرة ),نظري,الاثنين معا,4,لا
12:15:37 ص 2026/01/04,65,إدارة أعمال ,2,1,5,3,تفكير منطقي,اجتماعي (بتحب تختلط بالناس بكثرة ),دراسة فيها عملي (تطبيق),الاثنين معا,1,لا
12:17:41 ص 2026/01/04,12/20,علوم سياسية تنظيم اداري وسياسي,3,2,5,1,تفكير منطقي,اجتماعي (بتحب تختلط بالناس بكثرة ),مزيج بين النظري والعملي,الاثنين معا,2,لا
12:21:30 ص 2026/01/04,٨٥.٤,لغويات,4,5,5,5,تفكير تحليلي,اجتماعي (بتحب تختلط بالناس بكثرة ),مزيج بين النظري والعملي,الاثنين معا,2,نعم
12:23:12 ص 2026/01/04,85,هندسة أنظمة حاسوب تخصص امن معلومات ,1,3,1,1,تفكير منطقي,اجتماعي (بتحب تختلط بالناس بكثرة ),دراسة فيها عملي (تطبيق),الاثنين معا,4,نعم
12:24:44 ص 2026/01/04,96,القانون,2,1,1,1,تفكير تحليلي,اجتماعي (بتحب تختلط بالناس بكثرة ),مزيج بين النظري والعملي,الاثنين معا,1,لا
12:25:10 ص 2026/01/04,62,تشخيص اضطرابات التوحد ,3,4,3,2,تفكير منطقي,اجتماعي (بتحب تختلط بالناس بكثرة ),مزيج بين النظري والعملي,العمل الجماعي (ضمن فريق),1,لا
12:26:39 ص 2026/01/04,70,اداره اعمال,3,2,5,3,تفكير منطقي,اجتماعي (بتحب تختلط بالناس بكثرة ),مزيج بين النظري والعملي,العمل الجماعي (ضمن فريق),2,نعم
12:28:01 ص 2026/01/04,76.4,سياحة وسفر,2,2,2,2,تفكير تحليلي,اجتماعي (بتحب تختلط بالناس بكثرة ),دراسة فيها عملي (تطبيق),الاثنين معا,3,نعم
12:30:00 ص 2026/01/04,87.9,مهندس كيميائي ,5,5,5,5,تفكير منطقي,منطوي (ما بتحب كثير تختلط بالناس),مزيج بين النظري والعملي,الاثنين معا,4,لا
12:31:10 ص 2026/01/04,92.9,هندسه عماره ,2,1,1,4,تفكير منطقي,اجتماعي (بتحب تختلط بالناس بكثرة ),مزيج بين النظري والعملي,العمل الفردي,2,نعم
12:32:16 ص 2026/01/04,60,تكنولوجيا التعليم,3,5,5,3,تفكير منطقي,اجتماعي (بتحب تختلط بالناس بكثرة ),دراسة فيها عملي (تطبيق),الاثنين معا,3,لا
12:33:51 ص 2026/01/04,74٫6,تمريض ,1,5,1,3,تفكير تحليلي,اجتماعي (بتحب تختلط بالناس بكثرة ),مزيج بين النظري والعملي,العمل الجماعي (ضمن فريق),1,نعم
12:34:01 ص 2026/01/04,50,حقوق,3,1,4,1,تفكير تحليلي,اجتماعي (بتحب تختلط بالناس بكثرة ),مزيج بين النظري والعملي,الاثنين معا,2,نعم
12:34:12 ص 2026/01/04,89.1,هندسة حاسوب فرع امن المعلومات ,3,3,1,3,تفكير تحليلي,منطوي (ما بتحب كثير تختلط بالناس),مزيج بين النظري والعملي,الاثنين معا,3,نعم
12:34:34 ص 2026/01/04,84,علم حاسوب ,5,1,3,1,تفكير منطقي,منطوي (ما بتحب كثير تختلط بالناس),دراسة فيها عملي (تطبيق),العمل الفردي,1,لا
12:36:17 ص 2026/01/04,87,هندسة صناعات كيميائية ,3,4,2,5,تفكير تحليلي,اجتماعي (بتحب تختلط بالناس بكثرة ),دراسة فيها عملي (تطبيق),الاثنين معا,1,لا
12:37:01 ص 2026/01/04,80,قانون,5,3,4,2,تفكير منطقي,اجتماعي (بتحب تختلط بالناس بكثرة ),مزيج بين النظري والعملي,الاثنين معا,4,لا
12:38:01 ص 2026/01/04,76.9,تمريض,4,4,3,1,تفكير تحليلي,اجتماعي (بتحب تختلط بالناس بكثرة ),دراسة فيها عملي (تطبيق),العمل الفردي,1,نعم
12:39:02 ص 2026/01/04,88,تمريض,3,5,2,4,تفكير منطقي,اجتماعي (بتحب تختلط بالناس بكثرة ),مزيج بين النظري والعملي,الاثنين معا,2,لا
12:41:15 ص 2026/01/04,72,اللغة و الأدب الإيطالي/ اللغة الانجليزية,3,4,4,2,تفكير منطقي,منطوي (ما بتحب كثير تختلط بالناس),دراسة فيها عملي (تطبيق),العمل الفردي,4,نعم
12:41:24 ص 2026/01/04,79٫4,تصميم ,3,3,5,2,تفكير منطقي,منطوي (ما بتحب كثير تختلط بالناس),مزيج بين النظري والعملي,الاثنين معا,3,نعم
12:41:26 ص 2026/01/04,65.1,تكنولوجيا المعلومات فرعي امن معلومات ,4,2,3,2,تفكير منطقي,منطوي (ما بتحب كثير تختلط بالناس),دراسة فيها عملي (تطبيق),الاثنين معا,1,نعم
12:42:06 ص 2026/01/04,87,انجليزي ,4,1,3,1,تفكير تحليلي,اجتماعي (بتحب تختلط بالناس بكثرة ),مزيج بين النظري والعملي,الاثنين معا,3,لا
12:42:53 ص 2026/01/04,86,كيميا,3,1,1,1,تفكير منطقي,اجتماعي (بتحب تختلط بالناس بكثرة ),مزيج بين النظري والعملي,الاثنين معا,4,نعم
12:43:59 ص 2026/01/04,74٫8,معلم صف ,3,1,1,1,تفكير منطقي,اجتماعي (بتحب تختلط بالناس بكثرة ),مزيج بين النظري والعملي,الاثنين معا,2,نعم
12:46:29 ص 2026/01/04,99.85,هندسة تصميم داخلي ,5,4,1,1,تفكير منطقي,منطوي (ما بتحب كثير تختلط بالناس),دراسة فيها عملي (تطبيق),الاثنين معا,2,نعم
12:46:49 ص 2026/01/04,٩٠.٤,التصوير الطبي والاشعاعي ,3,5,2,4,تفكير منطقي,اجتماعي (بتحب تختلط بالناس بكثرة ),مزيج بين النظري والعملي,الاثنين معا,1,لا
12:52:58 ص 2026/01/04,85,هندسة مدنية,5,5,1,3,تفكير منطقي,اجتماعي (بتحب تختلط بالناس بكثرة ),دراسة فيها عملي (تطبيق),الاثنين معا,2,نعم
12:53:49 ص 2026/01/04,91.2,صيدلة,3,5,1,2,تفكير منطقي,منطوي (ما بتحب كثير تختلط بالناس),دراسة فيها عملي (تطبيق),الاثنين معا,2,لا
12:54:50 ص 2026/01/04,95.3,علم حاسوب ,3,1,1,5,تفكير تحليلي,منطوي (ما بتحب كثير تختلط بالناس),مزيج بين النظري والعملي,الاثنين معا,3,نعم
12:55:21 ص 2026/01/04,72.3,الفيزياء,3,2,2,5,تفكير تحليلي,اجتماعي (بتحب تختلط بالناس بكثرة ),دراسة فيها عملي (تطبيق),الاثنين معا,4,نعم
12:56:25 ص 2026/01/04,83٫7,تصميم داخلي باستخدام الحاسوب ,5,1,1,5,تفكير تحليلي,اجتماعي (بتحب تختلط بالناس بكثرة ),دراسة فيها عملي (تطبيق),العمل الجماعي (ضمن فريق),1,لا
12:57:47 ص 2026/01/04,89,اللغه الانجليزيه وادابها ,3,4,3,3,تفكير منطقي,منطوي (ما بتحب كثير تختلط بالناس),مزيج بين النظري والعملي,الاثنين معا,2,لا
12:58:39 ص 2026/01/04,79.10,مختبرات طبية,3,5,2,1,تفكير تحليلي,اجتماعي (بتحب تختلط بالناس بكثرة ),مزيج بين النظري والعملي,العمل الجماعي (ضمن فريق),2,لا
1:01:15 ص 2026/01/04,75,قانون,2,2,4,3,تفكير تحليلي,منطوي (ما بتحب كثير تختلط بالناس),مزيج بين النظري والعملي,الاثنين معا,3,لا
1:03:56 ص 2026/01/04,66,ارشاد وصحه نفسيه,3,5,1,3,تفكير منطقي,منطوي (ما بتحب كثير تختلط بالناس),دراسة فيها عملي (تطبيق),الاثنين معا,4,لا
1:04:01 ص 2026/01/04,70.53,نظم معلومات حاسوبيه ,5,1,1,1,تفكير منطقي,منطوي (ما بتحب كثير تختلط بالناس),دراسة فيها عملي (تطبيق),العمل الجماعي (ضمن فريق),2,نعم
1:05:04 ص 2026/01/04,80,ذكاء اصطناعي وعلم بيانات,2,4,3,4,تفكير تحليلي,منطوي (ما بتحب كثير تختلط بالناس),دراسة فيها عملي (تطبيق),العمل الفردي,2,نعم
1:06:31 ص 2026/01/04,80,ذكاء اصطناعي وعلم بيانات,2,4,2,3,تفكير منطقي,منطوي (ما بتحب كثير تختلط بالناس),دراسة فيها عملي (تطبيق),العمل الفردي,2,نعم
1:06:35 ص 2026/01/04,87,اقتصاد زراعي و ادارة اعمال زراعية ,4,2,5,4,تفكير منطقي,اجتماعي (بتحب تختلط بالناس بكثرة ),دراسة فيها عملي (تطبيق),الاثنين معا,2,لا
1:07:56 ص 2026/01/04,79٫1,علم حاسوب,4,1,3,3,تفكير منطقي,اجتماعي (بتحب تختلط بالناس بكثرة ),دراسة فيها عملي (تطبيق),العمل الجماعي (ضمن فريق),2,لا
1:08:04 ص 2026/01/04,٥٠.٨,الهندسة المعمارية والتصميم الداخلي ,5,1,5,5,تفكير تحليلي,اجتماعي (بتحب تختلط بالناس بكثرة ),دراسة فيها عملي (تطبيق),العمل الجماعي (ضمن فريق),1,لا
1:10:45 ص 2026/01/04,14,الدراسات العربية ,3,3,3,3,تفكير تحليلي,اجتماعي (بتحب تختلط بالناس بكثرة ),مزيج بين النظري والعملي,الاثنين معا,2,لا
1:14:10 ص 2026/01/04,73٫4,التربية المهنية,3,2,2,5,تفكير تحليلي,اجتماعي (بتحب تختلط بالناس بكثرة ),مزيج بين النظري والعملي,العمل الجماعي (ضمن فريق),3,نعم
1:14:13 ص 2026/01/04,87٫55,قضاء وإفتاء ,4,3,5,2,تفكير تحليلي,اجتماعي (بتحب تختلط بالناس بكثرة ),مزيج بين النظري والعملي,الاثنين معا,1,لا
1:14:58 ص 2026/01/04,92.3,هندسة الحاسوب,4,1,1,1,تفكير منطقي,منطوي (ما بتحب كثير تختلط بالناس),مزيج بين النظري والعملي,الاثنين معا,4,لا
1:15:07 ص 2026/01/04,89.7,طب بشري ,4,3,4,1,تفكير منطقي,منطوي (ما بتحب كثير تختلط بالناس),دراسة فيها عملي (تطبيق),العمل الفردي,3,نعم
1:15:58 ص 2026/01/04,76.1,ادارة اراضي ومياه,2,1,5,3,تفكير منطقي,منطوي (ما بتحب كثير تختلط بالناس),دراسة فيها عملي (تطبيق),الاثنين معا,3,نعم
1:16:21 ص 2026/01/04,83,تسويق وتجارة الكترونية,5,1,5,5,تفكير منطقي,اجتماعي (بتحب تختلط بالناس بكثرة ),دراسة فيها عملي (تطبيق),الاثنين معا,1,لا
1:16:57 ص 2026/01/04,90,تمريض,5,5,5,5,تفكير تحليلي,منطوي (ما بتحب كثير تختلط بالناس),دراسة فيها عملي (تطبيق),العمل الجماعي (ضمن فريق),1,لا
1:21:16 ص 2026/01/04,80٫6,لا يوجد ,2,4,2,3,تفكير منطقي,اجتماعي (بتحب تختلط بالناس بكثرة ),دراسة فيها عملي (تطبيق),الاثنين معا,3,نعم
1:21:16 ص 2026/01/04,82.75,هندسة طبية,2,3,1,1,تفكير منطقي,منطوي (ما بتحب كثير تختلط بالناس),مزيج بين النظري والعملي,الاثنين معا,1,لا
1:22:10 ص 2026/01/04,85.5,علم حاسوب,5,4,4,3,تفكير تحليلي,اجتماعي (بتحب تختلط بالناس بكثرة ),مزيج بين النظري والعملي,العمل الجماعي (ضمن فريق),2,لا
1:22:23 ص 2026/01/04,70,محاسبة ,5,3,5,4,تفكير تحليلي,منطوي (ما بتحب كثير تختلط بالناس),مزيج بين النظري والعملي,الاثنين معا,2,لا
1:22:37 ص 2026/01/04,92.8,علم حاسوب ,2,2,2,4,تفكير منطقي,منطوي (ما بتحب كثير تختلط بالناس),دراسة فيها عملي (تطبيق),الاثنين معا,4,لا
1:24:54 ص 2026/01/04,81.2,نظم معلومات ادرايه,5,1,5,3,تفكير تحليلي,منطوي (ما بتحب كثير تختلط بالناس),مزيج بين النظري والعملي,الاثنين معا,1,لا
1:25:26 ص 2026/01/04,91,تمريض,3,5,2,1,تفكير منطقي,اجتماعي (بتحب تختلط بالناس بكثرة ),مزيج بين النظري والعملي,الاثنين معا,1,لا
1:27:51 ص 2026/01/04,92,طب اسنان,3,4,4,5,تفكير منطقي,اجتماعي (بتحب تختلط بالناس بكثرة ),مزيج بين النظري والعملي,الاثنين معا,3,لا
1:29:17 ص 2026/01/04,72,إدارة مكتبات ومعلومات,3,3,3,3,تفكير تحليلي,منطوي (ما بتحب كثير تختلط بالناس),مزيج بين النظري والعملي,الاثنين معا,3,نعم
1:32:43 ص 2026/01/04,97٫6,طب و جراحه,3,5,1,2,تفكير تحليلي,اجتماعي (بتحب تختلط بالناس بكثرة ),دراسة فيها عملي (تطبيق),الاثنين معا,1,لا
1:35:01 ص 2026/01/04,75,اللغه العربيه وآدابها ,5,2,5,4,تفكير منطقي,اجتماعي (بتحب تختلط بالناس بكثرة ),دراسة فيها عملي (تطبيق),الاثنين معا,2,نعم
1:39:58 ص 2026/01/04,٩١ علمي,تربية رياضيه,1,5,2,3,تفكير منطقي,منطوي (ما بتحب كثير تختلط بالناس),نظري,العمل الجماعي (ضمن فريق),1,لا
1:42:46 ص 2026/01/04,72.1,انظمه معلومات حاسوبيه ,5,1,5,2,تفكير منطقي,اجتماعي (بتحب تختلط بالناس بكثرة ),مزيج بين النظري والعملي,الاثنين معا,2,نعم
1:43:13 ص 2026/01/04,60.4,تربيه بدنيه,1,1,5,3,تفكير منطقي,اجتماعي (بتحب تختلط بالناس بكثرة ),مزيج بين النظري والعملي,الاثنين معا,2,نعم
1:43:21 ص 2026/01/04,71.99,تكنولوجيا التصنيع الغذائي ,4,5,3,3,تفكير منطقي,اجتماعي (بتحب تختلط بالناس بكثرة ),مزيج بين النظري والعملي,الاثنين معا,1,لا
1:43:34 ص 2026/01/04,80٫5,تمريض,2,5,1,1,تفكير منطقي,اجتماعي (بتحب تختلط بالناس بكثرة ),مزيج بين النظري والعملي,العمل الجماعي (ضمن فريق),1,لا
1:48:41 ص 2026/01/04,70,نظم معلومات حاسوبية ,1,3,1,4,تفكير منطقي,منطوي (ما بتحب كثير تختلط بالناس),دراسة فيها عملي (تطبيق),العمل الفردي,4,نعم
1:49:09 ص 2026/01/04,67.9,ادب انجليزي ,2,1,5,1,تفكير تحليلي,اجتماعي (بتحب تختلط بالناس بكثرة ),نظري,الاثنين معا,1,نعم
1:49:43 ص 2026/01/04,86,تغذية,2,5,1,3,تفكير تحليلي,اجتماعي (بتحب تختلط بالناس بكثرة ),مزيج بين النظري والعملي,الاثنين معا,2,نعم
1:49:53 ص 2026/01/04,24,لسا توجيهي ,2,4,3,2,تفكير تحليلي,منطوي (ما بتحب كثير تختلط بالناس),مزيج بين النظري والعملي,العمل الفردي,3,نعم
1:50:17 ص 2026/01/04,70,صيدلة انهيت,3,5,1,5,تفكير منطقي,اجتماعي (بتحب تختلط بالناس بكثرة ),مزيج بين النظري والعملي,الاثنين معا,3,نعم
1:51:40 ص 2026/01/04,82,طفولة مبكرة,5,3,3,4,تفكير تحليلي,منطوي (ما بتحب كثير تختلط بالناس),دراسة فيها عملي (تطبيق),الاثنين معا,1,لا
1:51:45 ص 2026/01/04,95.7,هندسة إلكترونية,3,5,1,1,تفكير منطقي,منطوي (ما بتحب كثير تختلط بالناس),مزيج بين النظري والعملي,العمل الفردي,1,لا
1:52:09 ص 2026/01/04,70,برمجة خاسوب,4,3,4,4,تفكير منطقي,اجتماعي (بتحب تختلط بالناس بكثرة ),دراسة فيها عملي (تطبيق),العمل الفردي,1,لا
1:52:26 ص 2026/01/04,80,تكنولوجيا ماليه ,5,2,5,5,تفكير تحليلي,اجتماعي (بتحب تختلط بالناس بكثرة ),مزيج بين النظري والعملي,الاثنين معا,1,لا
1:52:35 ص 2026/01/04,75,تحقيق رقمي,4,1,3,1,تفكير تحليلي,اجتماعي (بتحب تختلط بالناس بكثرة ),مزيج بين النظري والعملي,الاثنين معا,1,لا
1:52:36 ص 2026/01/04,77,علم الحاسوب ,5,1,5,3,تفكير منطقي,منطوي (ما بتحب كثير تختلط بالناس),مزيج بين النظري والعملي,العمل الفردي,2,نعم
1:52:53 ص 2026/01/04,86.6,أدب انجليزي فرعي ترجمة ,3,2,3,3,تفكير تحليلي,منطوي (ما بتحب كثير تختلط بالناس),مزيج بين النظري والعملي,الاثنين معا,3,نعم
1:55:29 ص 2026/01/04,60,تمريض,3,5,1,5,تفكير منطقي,منطوي (ما بتحب كثير تختلط بالناس),مزيج بين النظري والعملي,الاثنين معا,1,نعم
1:56:45 ص 2026/01/04,86.95,صيدله,2,5,1,1,تفكير منطقي,اجتماعي (بتحب تختلط بالناس بكثرة ),دراسة فيها عملي (تطبيق),العمل الجماعي (ضمن فريق),2,لا
1:57:29 ص 2026/01/04,97.6,دكتور صيدلي ,2,4,2,4,تفكير تحليلي,اجتماعي (بتحب تختلط بالناس بكثرة ),دراسة فيها عملي (تطبيق),الاثنين معا,2,نعم
1:58:12 ص 2026/01/04,82,تكنولوجيا اشعه ,4,5,1,2,تفكير تحليلي,منطوي (ما بتحب كثير تختلط بالناس),دراسة فيها عملي (تطبيق),الاثنين معا,1,لا
1:58:13 ص 2026/01/04,90,الادارة العامة,2,1,5,1,تفكير تحليلي,اجتماعي (بتحب تختلط بالناس بكثرة ),مزيج بين النظري والعملي,الاثنين معا,2,نعم
2:00:45 ص 2026/01/04,68.3,هندسة برمجيات ,5,1,3,3,تفكير منطقي,اجتماعي (بتحب تختلط بالناس بكثرة ),دراسة فيها عملي (تطبيق),الاثنين معا,1,لا
2:01:16 ص 2026/01/04,64.4,تمريض,3,5,4,3,تفكير منطقي,اجتماعي (بتحب تختلط بالناس بكثرة ),مزيج بين النظري والعملي,الاثنين معا,1,لا
2:01:53 ص 2026/01/04,88,امن سبراني,5,1,1,5,تفكير تحليلي,منطوي (ما بتحب كثير تختلط بالناس),مزيج بين النظري والعملي,العمل الفردي,1,لا
2:02:00 ص 2026/01/04,52,دبلوم مساحه,5,3,2,4,تفكير تحليلي,اجتماعي (بتحب تختلط بالناس بكثرة ),دراسة فيها عملي (تطبيق),الاثنين معا,1,نعم
2:03:17 ص 2026/01/04,97.5 علمي,جراحه قلب ,4,5,2,3,تفكير منطقي,اجتماعي (بتحب تختلط بالناس بكثرة ),دراسة فيها عملي (تطبيق),الاثنين معا,2,نعم
2:04:09 ص 2026/01/04,90,علم حاسوب ,5,2,2,3,تفكير تحليلي,اجتماعي (بتحب تختلط بالناس بكثرة ),مزيج بين النظري والعملي,العمل الفردي,2,لا
2:04:41 ص 2026/01/04,68,تصميم داخلي ,3,1,2,5,تفكير تحليلي,منطوي (ما بتحب كثير تختلط بالناس),دراسة فيها عملي (تطبيق),الاثنين معا,2,نعم
2:06:20 ص 2026/01/04,62,تسويق رقمي,5,2,5,3,تفكير منطقي,اجتماعي (بتحب تختلط بالناس بكثرة ),مزيج بين النظري والعملي,العمل الجماعي (ضمن فريق),2,نعم
2:06:43 ص 2026/01/04,72.60,الهندسة المدنية ,2,2,3,4,تفكير تحليلي,اجتماعي (بتحب تختلط بالناس بكثرة ),مزيج بين النظري والعملي,العمل الجماعي (ضمن فريق),4,لا
2:08:51 ص 2026/01/04,82٫5,Mis,3,1,4,2,تفكير منطقي,اجتماعي (بتحب تختلط بالناس بكثرة ),دراسة فيها عملي (تطبيق),العمل الجماعي (ضمن فريق),2,نعم
2:09:18 ص 2026/01/04,90.7,هندسة كهربائية,3,1,1,2,تفكير منطقي,اجتماعي (بتحب تختلط بالناس بكثرة ),مزيج بين النظري والعملي,الاثنين معا,2,نعم
2:09:28 ص 2026/01/04,73,علم حاسوب,3,2,1,1,تفكير منطقي,اجتماعي (بتحب تختلط بالناس بكثرة ),مزيج بين النظري والعملي,الاثنين معا,1,نعم
2:11:19 ص 2026/01/04,80.6,علم حاسوب في سوق العمل,5,2,5,4,تفكير منطقي,منطوي (ما بتحب كثير تختلط بالناس),مزيج بين النظري والعملي,الاثنين معا,2,لا
2:13:11 ص 2026/01/04,ما نجحت,مافي,2,4,3,1,تفكير منطقي,اجتماعي (بتحب تختلط بالناس بكثرة ),مزيج بين النظري والعملي,الاثنين معا,1,نعم
2:13:57 ص 2026/01/04,80,مهندس ,4,2,4,3,تفكير منطقي,اجتماعي (بتحب تختلط بالناس بكثرة ),دراسة فيها عملي (تطبيق),العمل الجماعي (ضمن فريق),1,لا
2:15:03 ص 2026/01/04,76,نظم معلومات اداريه ,4,1,5,3,تفكير تحليلي,منطوي (ما بتحب كثير تختلط بالناس),مزيج بين النظري والعملي,الاثنين معا,2,نعم
2:15:33 ص 2026/01/04,90,اداره اعمال ,2,1,5,1,تفكير منطقي,اجتماعي (بتحب تختلط بالناس بكثرة ),مزيج بين النظري والعملي,الاثنين معا,1,نعم
2:16:30 ص 2026/01/04,80.8,قابلة قانونية ,3,5,2,2,تفكير منطقي,اجتماعي (بتحب تختلط بالناس بكثرة ),دراسة فيها عملي (تطبيق),الاثنين معا,1,لا
2:17:34 ص 2026/01/04,67,الهندسة الزراعية,1,2,2,2,تفكير تحليلي,اجتماعي (بتحب تختلط بالناس بكثرة ),مزيج بين النظري والعملي,الاثنين معا,1,نعم
2:21:17 ص 2026/01/04,72.9,Software engineering ,5,1,3,1,تفكير منطقي,منطوي (ما بتحب كثير تختلط بالناس),دراسة فيها عملي (تطبيق),العمل الجماعي (ضمن فريق),3,لا
2:24:38 ص 2026/01/04,97,طب عام,3,5,1,3,تفكير منطقي,منطوي (ما بتحب كثير تختلط بالناس),دراسة فيها عملي (تطبيق),الاثنين معا,1,لا
2:25:17 ص 2026/01/04,74,تمريض,4,5,2,4,تفكير منطقي,اجتماعي (بتحب تختلط بالناس بكثرة ),مزيج بين النظري والعملي,العمل الجماعي (ضمن فريق),2,نعم
2:25:26 ص 2026/01/04,٧٧.٤٥,فيزياء ,5,5,1,5,تفكير تحليلي,اجتماعي (بتحب تختلط بالناس بكثرة ),دراسة فيها عملي (تطبيق),العمل الجماعي (ضمن فريق),1,لا
2:25:44 ص 2026/01/04,80,هندسة ميكانيكية,3,1,3,4,تفكير تحليلي,اجتماعي (بتحب تختلط بالناس بكثرة ),دراسة فيها عملي (تطبيق),العمل الجماعي (ضمن فريق),3,نعم
2:27:45 ص 2026/01/04,97,ادب انجليزي ,2,2,4,2,تفكير منطقي,اجتماعي (بتحب تختلط بالناس بكثرة ),مزيج بين النظري والعملي,الاثنين معا,1,لا
2:28:24 ص 2026/01/04,62.5,محاسبة ,5,2,3,5,تفكير تحليلي,اجتماعي (بتحب تختلط بالناس بكثرة ),دراسة فيها عملي (تطبيق),الاثنين معا,3,نعم
2:28:25 ص 2026/01/04,89.4,نظم معلومات حاسوبية,5,3,1,3,تفكير تحليلي,منطوي (ما بتحب كثير تختلط بالناس),دراسة فيها عملي (تطبيق),الاثنين معا,2,نعم
2:29:07 ص 2026/01/04,12,تسويق ,3,1,5,5,تفكير منطقي,اجتماعي (بتحب تختلط بالناس بكثرة ),مزيج بين النظري والعملي,الاثنين معا,1,نعم
2:32:25 ص 2026/01/04,81.4,تكييف وتبريد,2,1,1,4,تفكير تحليلي,اجتماعي (بتحب تختلط بالناس بكثرة ),مزيج بين النظري والعملي,العمل الفردي,1,نعم
2:33:08 ص 2026/01/04,95,علوم مالية و مصرفية ,3,1,5,5,تفكير تحليلي,منطوي (ما بتحب كثير تختلط بالناس),مزيج بين النظري والعملي,الاثنين معا,3,لا
2:34:43 ص 2026/01/04,93,محاسبه ,3,1,5,2,تفكير منطقي,منطوي (ما بتحب كثير تختلط بالناس),مزيج بين النظري والعملي,الاثنين معا,2,نعم
2:35:22 ص 2026/01/04,70,رياضيات ,5,4,1,1,تفكير تحليلي,منطوي (ما بتحب كثير تختلط بالناس),دراسة فيها عملي (تطبيق),العمل الجماعي (ضمن فريق),3,نعم
2:37:23 ص 2026/01/04,90,هندسه مدنيه,1,3,3,3,تفكير منطقي,اجتماعي (بتحب تختلط بالناس بكثرة ),دراسة فيها عملي (تطبيق),العمل الجماعي (ضمن فريق),3,نعم
2:37:51 ص 2026/01/04,84.10,الكيمياء ,3,4,2,2,تفكير تحليلي,اجتماعي (بتحب تختلط بالناس بكثرة ),دراسة فيها عملي (تطبيق),العمل الجماعي (ضمن فريق),2,نعم
2:37:52 ص 2026/01/04,65,تسويق,3,1,4,2,تفكير منطقي,اجتماعي (بتحب تختلط بالناس بكثرة ),مزيج بين النظري والعملي,الاثنين معا,3,نعم
2:38:34 ص 2026/01/04,95,الصيدلة,3,5,2,5,تفكير منطقي,منطوي (ما بتحب كثير تختلط بالناس),مزيج بين النظري والعملي,العمل الفردي,3,نعم
2:41:42 ص 2026/01/04,80,محاسبه,3,1,5,1,تفكير تحليلي,اجتماعي (بتحب تختلط بالناس بكثرة ),مزيج بين النظري والعملي,الاثنين معا,2,لا
2:44:26 ص 2026/01/04,79.6,علم حاسوب,2,1,1,1,تفكير تحليلي,اجتماعي (بتحب تختلط بالناس بكثرة ),نظري,الاثنين معا,3,نعم
2:48:49 ص 2026/01/04,70,محاسبه,1,1,5,1,تفكير تحليلي,اجتماعي (بتحب تختلط بالناس بكثرة ),دراسة فيها عملي (تطبيق),العمل الجماعي (ضمن فريق),2,نعم
2:49:04 ص 2026/01/04,83,لغة عربية وأساليب تدريسها,4,4,1,2,تفكير منطقي,اجتماعي (بتحب تختلط بالناس بكثرة ),مزيج بين النظري والعملي,الاثنين معا,1,لا
2:50:35 ص 2026/01/04,90,تمريض,3,5,2,1,تفكير تحليلي,اجتماعي (بتحب تختلط بالناس بكثرة ),مزيج بين النظري والعملي,العمل الجماعي (ضمن فريق),4,لا
2:53:37 ص 2026/01/04,95,صيدلة,3,4,3,3,تفكير تحليلي,اجتماعي (بتحب تختلط بالناس بكثرة ),دراسة فيها عملي (تطبيق),الاثنين معا,1,لا
2:56:53 ص 2026/01/04,ناسيه,علم حاسوب,3,5,1,3,تفكير منطقي,منطوي (ما بتحب كثير تختلط بالناس),دراسة فيها عملي (تطبيق),العمل الجماعي (ضمن فريق),4,نعم
2:57:19 ص 2026/01/04,60,دبلوم تصميم داخلي,3,1,1,3,تفكير منطقي,اجتماعي (بتحب تختلط بالناس بكثرة ),دراسة فيها عملي (تطبيق),الاثنين معا,1,لا
2:59:37 ص 2026/01/04,88,علم البيانات والذكاء الاصطناعي,2,4,1,2,تفكير منطقي,منطوي (ما بتحب كثير تختلط بالناس),دراسة فيها عملي (تطبيق),العمل الفردي,2,نعم
3:01:52 ص 2026/01/04,88,نظم المعلومات الاداريه ,4,2,4,3,تفكير تحليلي,منطوي (ما بتحب كثير تختلط بالناس),دراسة فيها عملي (تطبيق),الاثنين معا,2,نعم
3:02:38 ص 2026/01/04,93.6,علمي ,2,2,3,1,تفكير تحليلي,منطوي (ما بتحب كثير تختلط بالناس),مزيج بين النظري والعملي,العمل الفردي,2,نعم
3:04:31 ص 2026/01/04,89.7,طب اسنان,3,5,5,5,تفكير منطقي,اجتماعي (بتحب تختلط بالناس بكثرة ),مزيج بين النظري والعملي,الاثنين معا,1,نعم
3:07:27 ص 2026/01/04,86.7,هندية برمجيات,5,1,1,5,تفكير منطقي,منطوي (ما بتحب كثير تختلط بالناس),مزيج بين النظري والعملي,الاثنين معا,2,نعم
3:10:47 ص 2026/01/04,72,ادارة اعمال ,3,1,5,2,تفكير منطقي,اجتماعي (بتحب تختلط بالناس بكثرة ),مزيج بين النظري والعملي,العمل الجماعي (ضمن فريق),1,لا
3:13:40 ص 2026/01/04,95.05,صيدلة,3,5,3,2,تفكير تحليلي,منطوي (ما بتحب كثير تختلط بالناس),مزيج بين النظري والعملي,الاثنين معا,2,نعم
3:14:09 ص 2026/01/04,73.1,اداره,2,2,3,3,تفكير منطقي,اجتماعي (بتحب تختلط بالناس بكثرة ),مزيج بين النظري والعملي,الاثنين معا,3,نعم
3:14:22 ص 2026/01/04,54,جرافيك ديزاين ,5,1,3,5,تفكير تحليلي,منطوي (ما بتحب كثير تختلط بالناس),مزيج بين النظري والعملي,الاثنين معا,4,لا
3:17:44 ص 2026/01/04,92.6,تخصص الهندسة المعمارية,3,2,2,4,تفكير تحليلي,منطوي (ما بتحب كثير تختلط بالناس),دراسة فيها عملي (تطبيق),العمل الفردي,1,لا
3:23:43 ص 2026/01/04,86.1,علم حاسوب ,5,2,1,1,تفكير منطقي,اجتماعي (بتحب تختلط بالناس بكثرة ),مزيج بين النظري والعملي,الاثنين معا,1,لا
3:24:27 ص 2026/01/04,93,اللغة العربية وآدابها ,2,2,1,3,تفكير منطقي,اجتماعي (بتحب تختلط بالناس بكثرة ),نظري,الاثنين معا,2,لا
3:24:36 ص 2026/01/04,87,لغة انجليزية فرعي علاقات عامة,2,2,2,4,تفكير منطقي,اجتماعي (بتحب تختلط بالناس بكثرة ),مزيج بين النظري والعملي,العمل الفردي,1,لا
3:34:19 ص 2026/01/04,78,على حاسوب ,3,1,1,1,تفكير منطقي,اجتماعي (بتحب تختلط بالناس بكثرة ),دراسة فيها عملي (تطبيق),العمل الجماعي (ضمن فريق),4,نعم
3:43:44 ص 2026/01/04,80٫9,محامية ,3,2,4,3,تفكير تحليلي,اجتماعي (بتحب تختلط بالناس بكثرة ),مزيج بين النظري والعملي,الاثنين معا,1,نعم
3:44:27 ص 2026/01/04,82.8,اخصائية تجميل,3,3,4,5,تفكير منطقي,اجتماعي (بتحب تختلط بالناس بكثرة ),مزيج بين النظري والعملي,الاثنين معا,2,نعم
3:46:15 ص 2026/01/04,82.6,التاريخ والحضارة ,3,3,5,1,تفكير تحليلي,اجتماعي (بتحب تختلط بالناس بكثرة ),مزيج بين النظري والعملي,العمل الفردي,1,نعم
3:47:11 ص 2026/01/04,70,امن سيبراني,5,2,3,2,تفكير منطقي,اجتماعي (بتحب تختلط بالناس بكثرة ),دراسة فيها عملي (تطبيق),الاثنين معا,1,نعم
3:55:52 ص 2026/01/04,88.3,علم حاسوب,5,3,3,4,تفكير تحليلي,اجتماعي (بتحب تختلط بالناس بكثرة ),مزيج بين النظري والعملي,الاثنين معا,2,نعم
4:00:00 ص 2026/01/04,رند محمد ٨٩,تمريض,1,5,1,1,تفكير منطقي,اجتماعي (بتحب تختلط بالناس بكثرة ),دراسة فيها عملي (تطبيق),الاثنين معا,1,نعم
4:02:30 ص 2026/01/04,73,ادبي,3,1,4,2,تفكير منطقي,اجتماعي (بتحب تختلط بالناس بكثرة ),مزيج بين النظري والعملي,العمل الفردي,4,نعم
4:02:35 ص 2026/01/04,97,قانون,4,3,4,2,تفكير منطقي,اجتماعي (بتحب تختلط بالناس بكثرة ),مزيج بين النظري والعملي,الاثنين معا,1,لا
4:08:48 ص 2026/01/04,86,هندسة تكنولوجيا,5,2,1,1,تفكير منطقي,اجتماعي (بتحب تختلط بالناس بكثرة ),مزيج بين النظري والعملي,الاثنين معا,2,نعم
4:22:51 ص 2026/01/04,80,علم حاسوب,5,3,2,2,تفكير منطقي,منطوي (ما بتحب كثير تختلط بالناس),دراسة فيها عملي (تطبيق),الاثنين معا,3,نعم
4:31:28 ص 2026/01/04,65,رياضة,1,1,1,3,تفكير منطقي,اجتماعي (بتحب تختلط بالناس بكثرة ),دراسة فيها عملي (تطبيق),الاثنين معا,3,نعم
4:44:52 ص 2026/01/04,95.1,هندسة مركبات حديثة,5,1,4,3,تفكير تحليلي,اجتماعي (بتحب تختلط بالناس بكثرة ),دراسة فيها عملي (تطبيق),الاثنين معا,1,لا
4:54:51 ص 2026/01/04,80,تمريض ,2,5,1,4,تفكير منطقي,اجتماعي (بتحب تختلط بالناس بكثرة ),دراسة فيها عملي (تطبيق),الاثنين معا,1,لا
4:55:10 ص 2026/01/04,72,ذكاء اعمال ,5,1,5,4,تفكير تحليلي,اجتماعي (بتحب تختلط بالناس بكثرة ),دراسة فيها عملي (تطبيق),الاثنين معا,2,نعم
5:03:51 ص 2026/01/04,87.7,نظم المعلومات الادارية,4,4,5,5,تفكير تحليلي,منطوي (ما بتحب كثير تختلط بالناس),مزيج بين النظري والعملي,العمل الفردي,3,نعم
5:04:39 ص 2026/01/04,82,محاسبه,5,1,5,3,تفكير منطقي,اجتماعي (بتحب تختلط بالناس بكثرة ),مزيج بين النظري والعملي,العمل الجماعي (ضمن فريق),1,لا
5:06:28 ص 2026/01/04,٨٧.٦,قانون,3,5,1,1,تفكير تحليلي,اجتماعي (بتحب تختلط بالناس بكثرة ),دراسة فيها عملي (تطبيق),الاثنين معا,2,نعم
5:14:19 ص 2026/01/04,85,اداب لغات شرقيه,2,1,3,2,تفكير منطقي,منطوي (ما بتحب كثير تختلط بالناس),مزيج بين النظري والعملي,العمل الفردي,3,لا
5:19:45 ص 2026/01/04,70,ادب انجليزي ,5,2,3,4,تفكير منطقي,اجتماعي (بتحب تختلط بالناس بكثرة ),دراسة فيها عملي (تطبيق),العمل الجماعي (ضمن فريق),1,لا
5:22:30 ص 2026/01/04,98,هندسة مدنية,3,5,2,1,تفكير تحليلي,اجتماعي (بتحب تختلط بالناس بكثرة ),مزيج بين النظري والعملي,الاثنين معا,1,لا
5:29:16 ص 2026/01/04,95٫1,علاج طبيعي,3,5,1,1,تفكير منطقي,اجتماعي (بتحب تختلط بالناس بكثرة ),دراسة فيها عملي (تطبيق),الاثنين معا,1,لا
5:41:37 ص 2026/01/04,92.5,هندسة معمارية,2,3,1,4,تفكير منطقي,اجتماعي (بتحب تختلط بالناس بكثرة ),مزيج بين النظري والعملي,العمل الفردي,1,نعم
5:43:16 ص 2026/01/04,82,طب,5,5,5,1,تفكير تحليلي,منطوي (ما بتحب كثير تختلط بالناس),مزيج بين النظري والعملي,الاثنين معا,3,لا
5:44:30 ص 2026/01/04,90,برمجيات,5,3,2,3,تفكير تحليلي,منطوي (ما بتحب كثير تختلط بالناس),مزيج بين النظري والعملي,العمل الفردي,4,نعم
5:45:26 ص 2026/01/04,75.6,فيزياء,3,5,2,3,تفكير تحليلي,منطوي (ما بتحب كثير تختلط بالناس),دراسة فيها عملي (تطبيق),العمل الجماعي (ضمن فريق),4,نعم
5:47:32 ص 2026/01/04,79٫5,Digital marketing ,3,1,4,4,تفكير تحليلي,اجتماعي (بتحب تختلط بالناس بكثرة ),مزيج بين النظري والعملي,الاثنين معا,3,نعم
5:50:14 ص 2026/01/04,70,تصميم داخلي,3,1,3,5,تفكير منطقي,اجتماعي (بتحب تختلط بالناس بكثرة ),مزيج بين النظري والعملي,العمل الجماعي (ضمن فريق),1,لا
5:56:56 ص 2026/01/04,63.7,تسويق ومبيعات ,3,2,4,3,تفكير منطقي,اجتماعي (بتحب تختلط بالناس بكثرة ),دراسة فيها عملي (تطبيق),الاثنين معا,3,لا
6:04:29 ص 2026/01/04,96.7,هندسة ميكانيك,4,3,3,1,تفكير تحليلي,منطوي (ما بتحب كثير تختلط بالناس),مزيج بين النظري والعملي,الاثنين معا,2,لا
6:12:57 ص 2026/01/04,83,أداره الأراضي والمياه,3,3,3,3,تفكير منطقي,اجتماعي (بتحب تختلط بالناس بكثرة ),مزيج بين النظري والعملي,الاثنين معا,2,نعم
6:14:21 ص 2026/01/04,80.05,علاج طبيعي,4,4,4,1,تفكير تحليلي,منطوي (ما بتحب كثير تختلط بالناس),دراسة فيها عملي (تطبيق),الاثنين معا,2,لا
6:20:30 ص 2026/01/04,70,فن وتصميم,1,2,3,4,تفكير منطقي,منطوي (ما بتحب كثير تختلط بالناس),مزيج بين النظري والعملي,العمل الجماعي (ضمن فريق),2,نعم
6:27:36 ص 2026/01/04,87.65,هندسة اتصالات والكترونيات ,3,1,3,3,تفكير منطقي,اجتماعي (بتحب تختلط بالناس بكثرة ),مزيج بين النظري والعملي,العمل الفردي,3,نعم
6:34:34 ص 2026/01/04,47,بيطرة,4,5,2,4,تفكير منطقي,اجتماعي (بتحب تختلط بالناس بكثرة ),دراسة فيها عملي (تطبيق),العمل الفردي,1,لا
6:35:45 ص 2026/01/04,66,معلم صف ,1,1,1,4,تفكير منطقي,منطوي (ما بتحب كثير تختلط بالناس),مزيج بين النظري والعملي,العمل الفردي,3,نعم
6:41:21 ص 2026/01/04,98,تمريض ,1,5,1,3,تفكير منطقي,اجتماعي (بتحب تختلط بالناس بكثرة ),دراسة فيها عملي (تطبيق),الاثنين معا,1,لا
6:42:28 ص 2026/01/04,79,عربي,3,3,2,4,تفكير منطقي,اجتماعي (بتحب تختلط بالناس بكثرة ),مزيج بين النظري والعملي,الاثنين معا,2,نعم
6:44:03 ص 2026/01/04,98,هندسه كمبيوتر ,4,3,3,3,تفكير منطقي,اجتماعي (بتحب تختلط بالناس بكثرة ),دراسة فيها عملي (تطبيق),العمل الجماعي (ضمن فريق),2,نعم
6:47:42 ص 2026/01/04,٩٩.٧,دكتورة,5,5,5,5,تفكير منطقي,منطوي (ما بتحب كثير تختلط بالناس),مزيج بين النظري والعملي,الاثنين معا,1,لا
6:51:51 ص 2026/01/04,90%,طب أسنان ,4,5,4,5,تفكير تحليلي,اجتماعي (بتحب تختلط بالناس بكثرة ),دراسة فيها عملي (تطبيق),الاثنين معا,1,لا
6:55:48 ص 2026/01/04,75.5,إدارة اعمال,3,1,5,1,تفكير منطقي,اجتماعي (بتحب تختلط بالناس بكثرة ),دراسة فيها عملي (تطبيق),الاثنين معا,1,نعم
6:57:43 ص 2026/01/04,94.2%,علاج طبيعي ,4,5,4,3,تفكير منطقي,منطوي (ما بتحب كثير تختلط بالناس),دراسة فيها عملي (تطبيق),العمل الجماعي (ضمن فريق),2,لا
7:02:31 ص 2026/01/04,60,تصميم جغرافيك ,1,5,1,5,تفكير منطقي,اجتماعي (بتحب تختلط بالناس بكثرة ),مزيج بين النظري والعملي,الاثنين معا,1,نعم
7:09:27 ص 2026/01/04,16.77,ادواتية بيوطبية,5,3,3,5,تفكير منطقي,منطوي (ما بتحب كثير تختلط بالناس),دراسة فيها عملي (تطبيق),الاثنين معا,1,نعم
7:10:43 ص 2026/01/04,86.90,هندسه برمجيات ,4,2,1,1,تفكير تحليلي,اجتماعي (بتحب تختلط بالناس بكثرة ),دراسة فيها عملي (تطبيق),الاثنين معا,2,نعم
7:19:56 ص 2026/01/04,80,حاسوب ادارة,5,1,4,1,تفكير تحليلي,اجتماعي (بتحب تختلط بالناس بكثرة ),مزيج بين النظري والعملي,العمل الفردي,2,نعم
7:23:15 ص 2026/01/04,83,ادارة اعمال رقمية ,5,1,5,2,تفكير تحليلي,اجتماعي (بتحب تختلط بالناس بكثرة ),دراسة فيها عملي (تطبيق),الاثنين معا,4,نعم
7:24:34 ص 2026/01/04,٨٤.١,مصادر التعلم وتكنولوجيا التعليم ,5,1,3,2,تفكير منطقي,اجتماعي (بتحب تختلط بالناس بكثرة ),مزيج بين النظري والعملي,الاثنين معا,1,لا
7:30:03 ص 2026/01/04,74.5,اللغه الأنجليزية التطبيقية,3,1,1,4,تفكير تحليلي,اجتماعي (بتحب تختلط بالناس بكثرة ),دراسة فيها عملي (تطبيق),الاثنين معا,1,لا
7:30:11 ص 2026/01/04,70,ادارة فنادق,3,3,5,4,تفكير تحليلي,اجتماعي (بتحب تختلط بالناس بكثرة ),مزيج بين النظري والعملي,الاثنين معا,1,لا
7:37:14 ص 2026/01/04,77٫3,علم الاجتماع/ الانحراف والجريمه,3,1,2,2,تفكير منطقي,اجتماعي (بتحب تختلط بالناس بكثرة ),مزيج بين النظري والعملي,الاثنين معا,4,لا
7:41:13 ص 2026/01/04,77.7,اللغة الصينية والإنجليزية,5,1,5,5,تفكير تحليلي,منطوي (ما بتحب كثير تختلط بالناس),مزيج بين النظري والعملي,الاثنين معا,1,لا
7:41:45 ص 2026/01/04,78.9,تمويل ومصارف,1,1,5,1,تفكير تحليلي,اجتماعي (بتحب تختلط بالناس بكثرة ),مزيج بين النظري والعملي,الاثنين معا,3,نعم
7:47:36 ص 2026/01/04,89.95,ادب انجليزي,4,1,3,3,تفكير منطقي,منطوي (ما بتحب كثير تختلط بالناس),مزيج بين النظري والعملي,الاثنين معا,1,لا
7:50:14 ص 2026/01/04,94,بناء متاجر وتطبيقات الكترونية وتسويق,5,2,5,5,تفكير منطقي,اجتماعي (بتحب تختلط بالناس بكثرة ),دراسة فيها عملي (تطبيق),الاثنين معا,1,لا
7:52:27 ص 2026/01/04,69,لغات ,1,2,3,3,تفكير منطقي,اجتماعي (بتحب تختلط بالناس بكثرة ),دراسة فيها عملي (تطبيق),العمل الجماعي (ضمن فريق),2,نعم
7:55:49 ص 2026/01/04,62,هندسة,5,5,3,3,تفكير منطقي,منطوي (ما بتحب كثير تختلط بالناس),دراسة فيها عملي (تطبيق),العمل الجماعي (ضمن فريق),4,نعم
8:02:59 ص 2026/01/04,76,تصميم داخلي,5,1,2,5,تفكير تحليلي,اجتماعي (بتحب تختلط بالناس بكثرة ),مزيج بين النظري والعملي,الاثنين معا,4,لا
8:07:19 ص 2026/01/04,71.3,تصميم داخلي ,3,1,1,5,تفكير منطقي,منطوي (ما بتحب كثير تختلط بالناس),دراسة فيها عملي (تطبيق),العمل الجماعي (ضمن فريق),1,لا
8:16:33 ص 2026/01/04,70.2,علاج طبيعي ,1,5,1,1,تفكير منطقي,اجتماعي (بتحب تختلط بالناس بكثرة ),مزيج بين النظري والعملي,الاثنين معا,4,لا
8:18:11 ص 2026/01/04,98.6,طب بشري ,2,5,1,2,تفكير منطقي,منطوي (ما بتحب كثير تختلط بالناس),مزيج بين النظري والعملي,العمل الفردي,1,لا
8:19:28 ص 2026/01/04,73.9,الفيزياء الطبية الحيوية ,4,1,5,5,تفكير منطقي,اجتماعي (بتحب تختلط بالناس بكثرة ),دراسة فيها عملي (تطبيق),الاثنين معا,3,لا
8:22:31 ص 2026/01/04,59,تمريض مشترك ,1,5,1,1,تفكير منطقي,اجتماعي (بتحب تختلط بالناس بكثرة ),دراسة فيها عملي (تطبيق),الاثنين معا,2,لا
8:22:39 ص 2026/01/04,63٫6,محاسبة,5,2,5,3,تفكير تحليلي,اجتماعي (بتحب تختلط بالناس بكثرة ),دراسة فيها عملي (تطبيق),العمل الجماعي (ضمن فريق),4,لا
8:23:37 ص 2026/01/04,90,تمريض,3,5,4,2,تفكير منطقي,اجتماعي (بتحب تختلط بالناس بكثرة ),دراسة فيها عملي (تطبيق),الاثنين معا,4,نعم
8:25:58 ص 2026/01/04,55.35,هندسة العمارة والتصميم الداخلي (دبلوم),2,1,1,2,تفكير منطقي,اجتماعي (بتحب تختلط بالناس بكثرة ),مزيج بين النظري والعملي,الاثنين معا,2,نعم
8:26:15 ص 2026/01/04,70,تكنولوجيا حيوية ,3,4,2,1,تفكير تحليلي,اجتماعي (بتحب تختلط بالناس بكثرة ),دراسة فيها عملي (تطبيق),الاثنين معا,2,لا
8:32:06 ص 2026/01/04,81.25,تطوير تطبيقات أجهزة ذكيه,4,1,1,1,تفكير منطقي,اجتماعي (بتحب تختلط بالناس بكثرة ),مزيج بين النظري والعملي,الاثنين معا,1,لا
8:35:21 ص 2026/01/04,89.90,تربية خاصة ,2,3,2,4,تفكير تحليلي,منطوي (ما بتحب كثير تختلط بالناس),مزيج بين النظري والعملي,الاثنين معا,3,نعم
8:38:15 ص 2026/01/04,70,علم الحاسوب ,5,3,3,3,تفكير منطقي,اجتماعي (بتحب تختلط بالناس بكثرة ),دراسة فيها عملي (تطبيق),العمل الجماعي (ضمن فريق),1,نعم
8:46:42 ص 2026/01/04,94.6,رياضيات,1,5,1,1,تفكير منطقي,منطوي (ما بتحب كثير تختلط بالناس),مزيج بين النظري والعملي,الاثنين معا,1,نعم
8:47:27 ص 2026/01/04,٦٨.٦,احياء واساليب تدريسها,3,3,1,1,تفكير منطقي,منطوي (ما بتحب كثير تختلط بالناس),مزيج بين النظري والعملي,الاثنين معا,4,لا
8:48:41 ص 2026/01/04,76,هندسه,3,3,4,3,تفكير منطقي,اجتماعي (بتحب تختلط بالناس بكثرة ),مزيج بين النظري والعملي,العمل الجماعي (ضمن فريق),1,لا
8:56:53 ص 2026/01/04,75,كيمياء,5,3,1,5,تفكير منطقي,اجتماعي (بتحب تختلط بالناس بكثرة ),دراسة فيها عملي (تطبيق),العمل الجماعي (ضمن فريق),4,نعم
8:57:37 ص 2026/01/04,95.6,تمريض ,2,5,1,2,تفكير تحليلي,اجتماعي (بتحب تختلط بالناس بكثرة ),مزيج بين النظري والعملي,الاثنين معا,1,نعم
9:00:27 ص 2026/01/04,ناجح,رياضه,3,5,4,1,تفكير منطقي,اجتماعي (بتحب تختلط بالناس بكثرة ),مزيج بين النظري والعملي,الاثنين معا,1,لا
9:07:16 ص 2026/01/04,73.3,المحاسبة,2,1,5,1,تفكير منطقي,منطوي (ما بتحب كثير تختلط بالناس),دراسة فيها عملي (تطبيق),العمل الفردي,3,نعم
9:07:22 ص 2026/01/04,91,هندسة صناعيه ,2,2,3,3,تفكير تحليلي,اجتماعي (بتحب تختلط بالناس بكثرة ),مزيج بين النظري والعملي,العمل الجماعي (ضمن فريق),4,لا
9:08:01 ص 2026/01/04,95,علم نفس,4,5,3,5,تفكير تحليلي,اجتماعي (بتحب تختلط بالناس بكثرة ),مزيج بين النظري والعملي,الاثنين معا,1,لا
9:12:00 ص 2026/01/04,77,اقتصاد ,1,1,2,1,تفكير تحليلي,اجتماعي (بتحب تختلط بالناس بكثرة ),دراسة فيها عملي (تطبيق),العمل الجماعي (ضمن فريق),1,نعم
9:17:13 ص 2026/01/04,95,علم حاسوب ,4,1,1,1,تفكير منطقي,اجتماعي (بتحب تختلط بالناس بكثرة ),دراسة فيها عملي (تطبيق),العمل الجماعي (ضمن فريق),2,لا
9:21:17 ص 2026/01/04,70,محاسبة,3,3,2,2,تفكير تحليلي,اجتماعي (بتحب تختلط بالناس بكثرة ),مزيج بين النظري والعملي,العمل الجماعي (ضمن فريق),1,نعم
9:27:48 ص 2026/01/04,90,صيانة سيارت كهرباء وهايبرد,2,2,2,4,تفكير منطقي,اجتماعي (بتحب تختلط بالناس بكثرة ),دراسة فيها عملي (تطبيق),الاثنين معا,2,لا
9:29:55 ص 2026/01/04,98.6,طب اسنان,5,5,3,2,تفكير تحليلي,اجتماعي (بتحب تختلط بالناس بكثرة ),مزيج بين النظري والعملي,الاثنين معا,1,لا
9:34:09 ص 2026/01/04,68,بكالوريوس اداره اراضي و مياه - هندسه زراعيه / ماجستير تغيرات مناخيه ,3,1,2,2,تفكير تحليلي,اجتماعي (بتحب تختلط بالناس بكثرة ),مزيج بين النظري والعملي,العمل الجماعي (ضمن فريق),2,نعم
9:35:04 ص 2026/01/04,70,ادارة مستشفيات وسجلات طبية ,5,5,5,1,تفكير منطقي,منطوي (ما بتحب كثير تختلط بالناس),دراسة فيها عملي (تطبيق),العمل الفردي,2,نعم
9:38:36 ص 2026/01/04,60.4,قياس وتشخيص اضطرابات توحد,2,4,3,5,تفكير تحليلي,اجتماعي (بتحب تختلط بالناس بكثرة ),مزيج بين النظري والعملي,العمل الفردي,2,لا
9:40:39 ص 2026/01/04,75,تغذية وتكنولوجيا غذاء ,4,5,2,3,تفكير منطقي,اجتماعي (بتحب تختلط بالناس بكثرة ),مزيج بين النظري والعملي,الاثنين معا,2,نعم
9:42:17 ص 2026/01/04,78,تغذية,1,5,4,2,تفكير منطقي,اجتماعي (بتحب تختلط بالناس بكثرة ),دراسة فيها عملي (تطبيق),العمل الفردي,1,نعم
9:44:08 ص 2026/01/04,53.5,محاسبة,5,1,5,5,تفكير تحليلي,اجتماعي (بتحب تختلط بالناس بكثرة ),دراسة فيها عملي (تطبيق),الاثنين معا,2,لا
9:54:29 ص 2026/01/04,70,علم البيانات والذكاء الاصطناعي ,5,1,2,1,تفكير منطقي,اجتماعي (بتحب تختلط بالناس بكثرة ),دراسة فيها عملي (تطبيق),الاثنين معا,1,لا
9:57:58 ص 2026/01/04,98.1,تغذية صحية,2,5,4,4,تفكير منطقي,اجتماعي (بتحب تختلط بالناس بكثرة ),مزيج بين النظري والعملي,الاثنين معا,1,لا
10:05:48 ص 2026/01/04,70,امن وسلامة دبلوم ,1,1,4,1,تفكير منطقي,اجتماعي (بتحب تختلط بالناس بكثرة ),دراسة فيها عملي (تطبيق),العمل الفردي,3,نعم
10:12:33 ص 2026/01/04,110,إدارة أعمال ,4,2,5,2,تفكير تحليلي,منطوي (ما بتحب كثير تختلط بالناس),مزيج بين النظري والعملي,الاثنين معا,1,لا
10:17:30 ص 2026/01/04,75.6,اللغة العربية وآدابها ,2,1,1,2,تفكير منطقي,اجتماعي (بتحب تختلط بالناس بكثرة ),نظري,العمل الجماعي (ضمن فريق),2,نعم
10:23:36 ص 2026/01/04,82,ذكاء اصطناعي وروبوتات ,5,2,3,4,تفكير تحليلي,اجتماعي (بتحب تختلط بالناس بكثرة ),مزيج بين النظري والعملي,الاثنين معا,1,لا
10:26:14 ص 2026/01/04,75,علاج طبيعي,3,5,2,2,تفكير تحليلي,منطوي (ما بتحب كثير تختلط بالناس),مزيج بين النظري والعملي,الاثنين معا,2,نعم
10:26:59 ص 2026/01/04,85.15,العلوم الطبية المخبرية,1,5,1,1,تفكير تحليلي,منطوي (ما بتحب كثير تختلط بالناس),دراسة فيها عملي (تطبيق),العمل الفردي,4,نعم
10:41:22 ص 2026/01/04,٨٧.١,صيدلة,1,5,2,3,تفكير تحليلي,اجتماعي (بتحب تختلط بالناس بكثرة ),دراسة فيها عملي (تطبيق),العمل الفردي,2,نعم
10:49:08 ص 2026/01/04,89,علم نفس,3,4,3,3,تفكير منطقي,اجتماعي (بتحب تختلط بالناس بكثرة ),دراسة فيها عملي (تطبيق),العمل الجماعي (ضمن فريق),4,نعم
10:51:23 ص 2026/01/04,93.1,محاسبة,5,1,5,2,تفكير تحليلي,اجتماعي (بتحب تختلط بالناس بكثرة ),دراسة فيها عملي (تطبيق),الاثنين معا,1,نعم
11:20:05 ص 2026/01/04,97,صيدلة,1,5,2,3,تفكير منطقي,اجتماعي (بتحب تختلط بالناس بكثرة ),مزيج بين النظري والعملي,الاثنين معا,3,لا
11:32:24 ص 2026/01/04,٩٤.٣,الذكاء الاصطناعي و علم البيانات ,4,1,5,2,تفكير تحليلي,اجتماعي (بتحب تختلط بالناس بكثرة ),مزيج بين النظري والعملي,الاثنين معا,3,لا
11:44:10 ص 2026/01/04,72,مختبرات طبيه ,3,3,3,3,تفكير منطقي,اجتماعي (بتحب تختلط بالناس بكثرة ),دراسة فيها عملي (تطبيق),العمل الجماعي (ضمن فريق),1,نعم
11:44:12 ص 2026/01/04,83.8,تسويق الكتروني ,5,1,3,4,تفكير منطقي,اجتماعي (بتحب تختلط بالناس بكثرة ),دراسة فيها عملي (تطبيق),الاثنين معا,1,لا
11:44:59 ص 2026/01/04,86.3,نظم معلومات ادارية,5,4,5,3,تفكير تحليلي,اجتماعي (بتحب تختلط بالناس بكثرة ),مزيج بين النظري والعملي,الاثنين معا,1,لا
11:45:00 ص 2026/01/04,82,إدارة أعمال وما كنت بدي التخصص وما حبيته بس الحمدلله اختيار ربنا دائما افضل واحسن ,2,3,4,2,تفكير منطقي,منطوي (ما بتحب كثير تختلط بالناس),مزيج بين النظري والعملي,الاثنين معا,2,نعم
11:46:10 ص 2026/01/04,90.67,صيدلة,1,4,2,5,تفكير تحليلي,اجتماعي (بتحب تختلط بالناس بكثرة ),دراسة فيها عملي (تطبيق),الاثنين معا,3,نعم
11:50:01 ص 2026/01/04,92,تكنولوجيا حاسوب,4,2,1,5,تفكير منطقي,منطوي (ما بتحب كثير تختلط بالناس),دراسة فيها عملي (تطبيق),العمل الجماعي (ضمن فريق),1,لا
11:55:46 ص 2026/01/04,94.3,علم حاسوب,5,2,1,2,تفكير منطقي,منطوي (ما بتحب كثير تختلط بالناس),دراسة فيها عملي (تطبيق),الاثنين معا,1,لا
11:59:27 ص 2026/01/04,91,محاسبه وقانون تجاري ,4,1,4,1,تفكير تحليلي,منطوي (ما بتحب كثير تختلط بالناس),دراسة فيها عملي (تطبيق),الاثنين معا,3,نعم
12:00:05 م 2026/01/04,65,مختبرات,4,5,2,3,تفكير منطقي,اجتماعي (بتحب تختلط بالناس بكثرة ),مزيج بين النظري والعملي,الاثنين معا,1,نعم
12:01:33 م 2026/01/04,75.3,نظم المعلومات الادارية ,4,1,5,3,تفكير تحليلي,اجتماعي (بتحب تختلط بالناس بكثرة ),مزيج بين النظري والعملي,الاثنين معا,2,نعم
12:02:44 م 2026/01/04,90,تحاليل طبية,2,4,2,2,تفكير تحليلي,اجتماعي (بتحب تختلط بالناس بكثرة ),دراسة فيها عملي (تطبيق),العمل الجماعي (ضمن فريق),1,لا
12:07:11 م 2026/01/04,60,لم اسجل بعد ولكن غالبا دبلوم هندسه او تمريض,3,5,3,3,تفكير منطقي,اجتماعي (بتحب تختلط بالناس بكثرة ),مزيج بين النظري والعملي,العمل الجماعي (ضمن فريق),3,نعم
12:07:37 م 2026/01/04,82.5,اردنية ,1,4,1,1,تفكير تحليلي,اجتماعي (بتحب تختلط بالناس بكثرة ),دراسة فيها عملي (تطبيق),العمل الجماعي (ضمن فريق),3,لا
12:08:51 م 2026/01/04,٧٣.٥,مختبرات طبية,4,5,1,2,تفكير منطقي,اجتماعي (بتحب تختلط بالناس بكثرة ),دراسة فيها عملي (تطبيق),الاثنين معا,1,نعم
12:10:02 م 2026/01/04,83,تمريض ,3,4,3,1,تفكير منطقي,اجتماعي (بتحب تختلط بالناس بكثرة ),مزيج بين النظري والعملي,الاثنين معا,3,لا
12:14:08 م 2026/01/04,90,تمريض,2,5,2,2,تفكير تحليلي,منطوي (ما بتحب كثير تختلط بالناس),دراسة فيها عملي (تطبيق),الاثنين معا,1,لا
12:17:07 م 2026/01/04,80,تمريض ,1,5,3,2,تفكير منطقي,اجتماعي (بتحب تختلط بالناس بكثرة ),دراسة فيها عملي (تطبيق),الاثنين معا,1,نعم
12:17:09 م 2026/01/04,95.1 الفرع العلمي ,خريجة بكالوريس تمريض ,3,5,3,5,تفكير منطقي,اجتماعي (بتحب تختلط بالناس بكثرة ),مزيج بين النظري والعملي,الاثنين معا,2,لا
12:18:22 م 2026/01/04,87.25,علم البيانات والذكاء الاصطناعي ,1,4,1,1,تفكير منطقي,منطوي (ما بتحب كثير تختلط بالناس),دراسة فيها عملي (تطبيق),الاثنين معا,1,لا
12:19:15 م 2026/01/04,76.3,ادارة اعمال ,4,2,3,3,تفكير تحليلي,اجتماعي (بتحب تختلط بالناس بكثرة ),دراسة فيها عملي (تطبيق),الاثنين معا,4,نعم
12:21:50 م 2026/01/04,86%,تمريض,1,5,4,2,تفكير منطقي,اجتماعي (بتحب تختلط بالناس بكثرة ),مزيج بين النظري والعملي,الاثنين معا,2,نعم
12:25:32 م 2026/01/04,95,قضاء شرعي,5,4,3,3,تفكير منطقي,اجتماعي (بتحب تختلط بالناس بكثرة ),مزيج بين النظري والعملي,الاثنين معا,1,لا
12:31:19 م 2026/01/04,93.4,علم حاسوب ,5,1,1,1,تفكير تحليلي,اجتماعي (بتحب تختلط بالناس بكثرة ),مزيج بين النظري والعملي,الاثنين معا,1,لا
12:31:59 م 2026/01/04,83,أخصائية تغذية,4,5,1,4,تفكير منطقي,منطوي (ما بتحب كثير تختلط بالناس),دراسة فيها عملي (تطبيق),الاثنين معا,2,نعم
12:45:29 م 2026/01/04,56,جرافيك دزاين ,3,3,3,3,تفكير منطقي,اجتماعي (بتحب تختلط بالناس بكثرة ),مزيج بين النظري والعملي,الاثنين معا,1,نعم
12:45:42 م 2026/01/04,88.5,معلم صف ,3,5,4,3,تفكير منطقي,اجتماعي (بتحب تختلط بالناس بكثرة ),مزيج بين النظري والعملي,العمل الجماعي (ضمن فريق),1,نعم
12:47:02 م 2026/01/04,91.10,اللغة الإنجليزية و آدابها,2,1,4,3,تفكير تحليلي,منطوي (ما بتحب كثير تختلط بالناس),نظري,العمل الفردي,1,لا
12:48:13 م 2026/01/04,73,هندسة برمجيات,5,1,1,1,تفكير منطقي,اجتماعي (بتحب تختلط بالناس بكثرة ),دراسة فيها عملي (تطبيق),العمل الجماعي (ضمن فريق),2,نعم
12:52:26 م 2026/01/04,70,علم بيانات وذكاء اصطناعي,5,1,1,1,تفكير تحليلي,اجتماعي (بتحب تختلط بالناس بكثرة ),دراسة فيها عملي (تطبيق),الاثنين معا,4,لا
12:53:12 م 2026/01/04,86,هندسة اتصالات,3,1,3,3,تفكير منطقي,منطوي (ما بتحب كثير تختلط بالناس),مزيج بين النظري والعملي,الاثنين معا,2,نعم
12:56:02 م 2026/01/04,73,اثار,4,4,4,4,تفكير منطقي,اجتماعي (بتحب تختلط بالناس بكثرة ),مزيج بين النظري والعملي,العمل الجماعي (ضمن فريق),4,لا
1:22:34 م 2026/01/04,82,هندسة مدنية,3,2,4,3,تفكير منطقي,منطوي (ما بتحب كثير تختلط بالناس),دراسة فيها عملي (تطبيق),الاثنين معا,2,لا
1:24:23 م 2026/01/04,92,أمن سيبراني ,4,1,1,1,تفكير منطقي,اجتماعي (بتحب تختلط بالناس بكثرة ),دراسة فيها عملي (تطبيق),العمل الجماعي (ضمن فريق),1,نعم
1:24:48 م 2026/01/04,80,تمريض,3,5,1,1,تفكير منطقي,اجتماعي (بتحب تختلط بالناس بكثرة ),مزيج بين النظري والعملي,العمل الجماعي (ضمن فريق),1,لا
1:28:53 م 2026/01/04,90,قانون ,5,2,2,2,تفكير تحليلي,اجتماعي (بتحب تختلط بالناس بكثرة ),مزيج بين النظري والعملي,الاثنين معا,1,لا
1:29:07 م 2026/01/04,62,مختبرات طبية ,1,5,1,3,تفكير منطقي,منطوي (ما بتحب كثير تختلط بالناس),نظري,العمل الجماعي (ضمن فريق),3,لا
1:30:11 م 2026/01/04,70,ادب انجليزي,5,4,1,2,تفكير منطقي,منطوي (ما بتحب كثير تختلط بالناس),مزيج بين النظري والعملي,الاثنين معا,3,نعم
1:30:12 م 2026/01/04,85.3,هندسه مدنيه,3,4,2,2,تفكير منطقي,منطوي (ما بتحب كثير تختلط بالناس),نظري,الاثنين معا,1,نعم
1:31:39 م 2026/01/04,94.9,دكتور صيدلي,1,4,1,1,تفكير منطقي,منطوي (ما بتحب كثير تختلط بالناس),دراسة فيها عملي (تطبيق),الاثنين معا,2,نعم
1:36:48 م 2026/01/04,12.27 (دولة المغرب),التمريض,3,5,2,1,تفكير منطقي,اجتماعي (بتحب تختلط بالناس بكثرة ),مزيج بين النظري والعملي,الاثنين معا,1,لا
1:38:33 م 2026/01/04,99.8,دكتور صيدله  ,2,5,4,2,تفكير تحليلي,اجتماعي (بتحب تختلط بالناس بكثرة ),مزيج بين النظري والعملي,الاثنين معا,1,لا
1:39:28 م 2026/01/04,93.35,انجليزي تطبيقي,4,2,4,3,تفكير منطقي,منطوي (ما بتحب كثير تختلط بالناس),دراسة فيها عملي (تطبيق),الاثنين معا,3,نعم
1:41:39 م 2026/01/04,75,رياضيات,5,2,1,1,تفكير تحليلي,اجتماعي (بتحب تختلط بالناس بكثرة ),مزيج بين النظري والعملي,الاثنين معا,2,نعم
1:43:26 م 2026/01/04,87,مُعلم صف,1,1,5,5,تفكير منطقي,اجتماعي (بتحب تختلط بالناس بكثرة ),مزيج بين النظري والعملي,الاثنين معا,1,نعم
1:44:25 م 2026/01/04,70,محاسبة ,4,2,4,3,تفكير تحليلي,اجتماعي (بتحب تختلط بالناس بكثرة ),مزيج بين النظري والعملي,الاثنين معا,3,نعم
1:48:16 م 2026/01/04,86.8,استخبارات عسكرية ,4,1,2,3,تفكير منطقي,اجتماعي (بتحب تختلط بالناس بكثرة ),مزيج بين النظري والعملي,العمل الفردي,1,نعم
1:49:24 م 2026/01/04,70.2,قياس وتشخيص اضطرابات توحد,1,3,1,1,تفكير تحليلي,منطوي (ما بتحب كثير تختلط بالناس),دراسة فيها عملي (تطبيق),العمل الفردي,2,نعم
1:53:35 م 2026/01/04,85.3,علوم مالية ومصرفية ,4,5,5,3,تفكير منطقي,اجتماعي (بتحب تختلط بالناس بكثرة ),مزيج بين النظري والعملي,العمل الفردي,3,نعم
2:06:40 م 2026/01/04,84,اعلام جديد ( الرقمي),5,3,2,3,تفكير منطقي,اجتماعي (بتحب تختلط بالناس بكثرة ),دراسة فيها عملي (تطبيق),الاثنين معا,1,لا
2:22:56 م 2026/01/04,٧٨٪؜,هندسه طيران,4,3,4,3,تفكير منطقي,منطوي (ما بتحب كثير تختلط بالناس),نظري,الاثنين معا,2,نعم
2:24:41 م 2026/01/04,٩٠٪؜,هندسه طيران,5,4,5,5,تفكير منطقي,منطوي (ما بتحب كثير تختلط بالناس),مزيج بين النظري والعملي,العمل الجماعي (ضمن فريق),4,لا
2:38:11 م 2026/01/04,92,تمريض ,1,5,3,2,تفكير منطقي,اجتماعي (بتحب تختلط بالناس بكثرة ),دراسة فيها عملي (تطبيق),العمل الجماعي (ضمن فريق),2,نعم
2:41:46 م 2026/01/04,91,هندسة برمجيات ,5,2,2,4,تفكير تحليلي,منطوي (ما بتحب كثير تختلط بالناس),مزيج بين النظري والعملي,العمل الجماعي (ضمن فريق),1,نعم
2:45:40 م 2026/01/04,89.5,صيدلة ,4,5,1,2,تفكير منطقي,اجتماعي (بتحب تختلط بالناس بكثرة ),دراسة فيها عملي (تطبيق),الاثنين معا,3,نعم
2:48:58 م 2026/01/04,99,محاماة,5,2,3,1,تفكير تحليلي,اجتماعي (بتحب تختلط بالناس بكثرة ),دراسة فيها عملي (تطبيق),الاثنين معا,1,لا
2:50:22 م 2026/01/04,84,فيزياء,3,2,3,3,تفكير منطقي,اجتماعي (بتحب تختلط بالناس بكثرة ),مزيج بين النظري والعملي,الاثنين معا,3,نعم
2:52:04 م 2026/01/04,73,تحقيقات الجنائية الرقمية ,5,1,1,3,تفكير تحليلي,اجتماعي (بتحب تختلط بالناس بكثرة ),مزيج بين النظري والعملي,الاثنين معا,1,لا
3:10:30 م 2026/01/04,95.35,اللغة العربية وآدابها ,3,1,3,2,تفكير منطقي,منطوي (ما بتحب كثير تختلط بالناس),نظري,العمل الجماعي (ضمن فريق),2,نعم
3:14:51 م 2026/01/04,82,تربية طفل,3,1,1,5,تفكير تحليلي,اجتماعي (بتحب تختلط بالناس بكثرة ),مزيج بين النظري والعملي,الاثنين معا,4,نعم
3:15:10 م 2026/01/04,‏71.5,صيانة كهروميكانيكيه,3,3,2,5,تفكير منطقي,اجتماعي (بتحب تختلط بالناس بكثرة ),دراسة فيها عملي (تطبيق),الاثنين معا,3,لا
3:35:39 م 2026/01/04,82.5,علوم رياضة,4,1,3,4,تفكير منطقي,اجتماعي (بتحب تختلط بالناس بكثرة ),دراسة فيها عملي (تطبيق),الاثنين معا,1,لا
3:48:55 م 2026/01/04,82,اللغة الإنجليزية وادابها ,3,1,1,1,تفكير منطقي,اجتماعي (بتحب تختلط بالناس بكثرة ),مزيج بين النظري والعملي,العمل الجماعي (ضمن فريق),2,لا
3:50:11 م 2026/01/04,80,علم حاسوب,5,3,5,3,تفكير منطقي,اجتماعي (بتحب تختلط بالناس بكثرة ),مزيج بين النظري والعملي,الاثنين معا,1,لا
4:00:31 م 2026/01/04,97,لم انقبل مع الاسف,3,5,4,4,تفكير منطقي,اجتماعي (بتحب تختلط بالناس بكثرة ),مزيج بين النظري والعملي,العمل الفردي,4,نعم
4:02:55 م 2026/01/04,83.1,تخدير والانعاش التقني,5,5,2,1,تفكير منطقي,اجتماعي (بتحب تختلط بالناس بكثرة ),مزيج بين النظري والعملي,الاثنين معا,1,لا
4:22:43 م 2026/01/04,82,تمريض,2,4,1,1,تفكير منطقي,منطوي (ما بتحب كثير تختلط بالناس),مزيج بين النظري والعملي,الاثنين معا,3,لا
4:31:26 م 2026/01/04,81.2,ادارة اعمال,3,2,4,2,تفكير منطقي,منطوي (ما بتحب كثير تختلط بالناس),دراسة فيها عملي (تطبيق),الاثنين معا,2,نعم
4:45:12 م 2026/01/04,83,سيارات,5,3,4,1,تفكير منطقي,اجتماعي (بتحب تختلط بالناس بكثرة ),مزيج بين النظري والعملي,الاثنين معا,2,نعم
4:49:06 م 2026/01/04,61,اعمال وتجارة إلكترونية ,5,1,5,3,تفكير منطقي,اجتماعي (بتحب تختلط بالناس بكثرة ),دراسة فيها عملي (تطبيق),العمل الجماعي (ضمن فريق),2,نعم
4:52:53 م 2026/01/04,60.05,تكنولوجيا طاقة,5,4,3,2,تفكير تحليلي,منطوي (ما بتحب كثير تختلط بالناس),مزيج بين النظري والعملي,العمل الفردي,1,نعم
4:53:18 م 2026/01/04,70,ادب انجليزي ,5,5,5,5,تفكير تحليلي,اجتماعي (بتحب تختلط بالناس بكثرة ),مزيج بين النظري والعملي,الاثنين معا,3,نعم
4:58:18 م 2026/01/04,٩٨.٧,طب اسنان,1,5,1,4,تفكير تحليلي,اجتماعي (بتحب تختلط بالناس بكثرة ),مزيج بين النظري والعملي,الاثنين معا,1,لا
5:04:39 م 2026/01/04,90,اقتصاد قسم المحاسبة.. للعلم انا من دولة ليبيا شفت استبيان في استوري عشان مقياس الصدق والثبات في استبيان ,4,2,5,4,تفكير تحليلي,منطوي (ما بتحب كثير تختلط بالناس),دراسة فيها عملي (تطبيق),الاثنين معا,3,لا
5:19:08 م 2026/01/04,230,هندسة معلوماتية ,4,3,3,2,تفكير تحليلي,منطوي (ما بتحب كثير تختلط بالناس),دراسة فيها عملي (تطبيق),العمل الفردي,4,لا
5:23:45 م 2026/01/04,60%,الشريعة الإسلامية,3,1,1,1,تفكير منطقي,اجتماعي (بتحب تختلط بالناس بكثرة ),دراسة فيها عملي (تطبيق),العمل الفردي,3,نعم
5:47:04 م 2026/01/04,80,تكنولوجيا ماليه و اداىه مخاطر,3,2,4,5,تفكير تحليلي,اجتماعي (بتحب تختلط بالناس بكثرة ),مزيج بين النظري والعملي,الاثنين معا,3,نعم
5:50:15 م 2026/01/04,91.50,نظم المعلومات الاداريه,3,1,3,3,تفكير منطقي,اجتماعي (بتحب تختلط بالناس بكثرة ),دراسة فيها عملي (تطبيق),العمل الجماعي (ضمن فريق),1,لا
6:04:37 م 2026/01/04,89,طب اسنان,3,5,4,5,تفكير منطقي,اجتماعي (بتحب تختلط بالناس بكثرة ),مزيج بين النظري والعملي,الاثنين معا,4,لا
6:28:53 م 2026/01/04,82,هندسة طبية حيوية ,3,3,1,1,تفكير تحليلي,اجتماعي (بتحب تختلط بالناس بكثرة ),دراسة فيها عملي (تطبيق),العمل الجماعي (ضمن فريق),1,لا
6:30:40 م 2026/01/04,87.3,تمريض,1,5,1,1,تفكير تحليلي,اجتماعي (بتحب تختلط بالناس بكثرة ),دراسة فيها عملي (تطبيق),العمل الجماعي (ضمن فريق),1,لا
6:39:27 م 2026/01/04,84,هندسة برمجيات ,3,1,1,2,تفكير منطقي,منطوي (ما بتحب كثير تختلط بالناس),دراسة فيها عملي (تطبيق),العمل الجماعي (ضمن فريق),1,نعم
6:40:20 م 2026/01/04,69.4,علم نفس ,3,4,1,3,تفكير منطقي,اجتماعي (بتحب تختلط بالناس بكثرة ),دراسة فيها عملي (تطبيق),الاثنين معا,2,نعم
6:43:57 م 2026/01/04,84.05,نظم معلومات حاسوبية ,3,1,3,1,تفكير منطقي,منطوي (ما بتحب كثير تختلط بالناس),نظري,الاثنين معا,2,لا
6:48:20 م 2026/01/04,93,رياضيات,3,1,2,3,تفكير منطقي,منطوي (ما بتحب كثير تختلط بالناس),دراسة فيها عملي (تطبيق),العمل الفردي,1,لا
6:48:40 م 2026/01/04,95,طب ,5,5,5,5,تفكير منطقي,اجتماعي (بتحب تختلط بالناس بكثرة ),دراسة فيها عملي (تطبيق),الاثنين معا,1,نعم
7:05:45 م 2026/01/04,90,هندسه منشأت مدنيه,5,1,1,5,تفكير تحليلي,اجتماعي (بتحب تختلط بالناس بكثرة ),دراسة فيها عملي (تطبيق),العمل الجماعي (ضمن فريق),1,نعم
7:19:59 م 2026/01/04,81,هندسة البرمجيات,5,3,2,1,تفكير منطقي,اجتماعي (بتحب تختلط بالناس بكثرة ),مزيج بين النظري والعملي,الاثنين معا,2,نعم
7:21:43 م 2026/01/04,79.50,تمريض,5,5,4,2,تفكير منطقي,اجتماعي (بتحب تختلط بالناس بكثرة ),مزيج بين النظري والعملي,العمل الجماعي (ضمن فريق),4,لا
7:34:57 م 2026/01/04,96.6,طب اسنان,2,5,3,2,تفكير منطقي,منطوي (ما بتحب كثير تختلط بالناس),مزيج بين النظري والعملي,الاثنين معا,2,لا
7:40:23 م 2026/01/04,82.9,تصوير طبي,4,5,2,3,تفكير منطقي,منطوي (ما بتحب كثير تختلط بالناس),دراسة فيها عملي (تطبيق),العمل الفردي,3,نعم
7:41:34 م 2026/01/04,90,وسائط متعددة ويب وموبايل3,5,3,5,5,تفكير تحليلي,منطوي (ما بتحب كثير تختلط بالناس),دراسة فيها عملي (تطبيق),الاثنين معا,4,لا
7:56:38 م 2026/01/04,64.45,بكالوريوس تصميم داخلي و ديكور ,3,3,3,5,تفكير تحليلي,منطوي (ما بتحب كثير تختلط بالناس),دراسة فيها عملي (تطبيق),العمل الفردي,1,لا
8:13:25 م 2026/01/04,73.8,علم حاسوب,5,1,2,3,تفكير منطقي,اجتماعي (بتحب تختلط بالناس بكثرة ),مزيج بين النظري والعملي,الاثنين معا,4,لا
8:14:06 م 2026/01/04,83,برمجه حواسيب,5,1,3,4,تفكير منطقي,اجتماعي (بتحب تختلط بالناس بكثرة ),دراسة فيها عملي (تطبيق),الاثنين معا,1,لا
8:16:25 م 2026/01/04,٧٦.٢,كيمياء ,1,4,1,1,تفكير منطقي,منطوي (ما بتحب كثير تختلط بالناس),مزيج بين النظري والعملي,الاثنين معا,1,نعم
8:18:54 م 2026/01/04,88,تكنلوجيا مالية,4,1,4,1,تفكير منطقي,اجتماعي (بتحب تختلط بالناس بكثرة ),نظري,العمل الفردي,3,لا
8:26:53 م 2026/01/04,54,دراسات اسلاميه ,3,2,1,2,تفكير تحليلي,اجتماعي (بتحب تختلط بالناس بكثرة ),مزيج بين النظري والعملي,العمل الفردي,1,نعم
8:33:32 م 2026/01/04,79,التمريض,3,5,1,2,تفكير منطقي,منطوي (ما بتحب كثير تختلط بالناس),مزيج بين النظري والعملي,الاثنين معا,1,لا
8:40:29 م 2026/01/04,78,علوم مالية ومصرفية ,3,4,5,3,تفكير تحليلي,منطوي (ما بتحب كثير تختلط بالناس),دراسة فيها عملي (تطبيق),العمل الفردي,1,لا
8:51:12 م 2026/01/04,76,تصميم و تواصل بصري ,4,1,2,5,تفكير منطقي,اجتماعي (بتحب تختلط بالناس بكثرة ),مزيج بين النظري والعملي,العمل الفردي,1,لا
8:55:38 م 2026/01/04,95,دكتور في الصيدلة ,3,5,2,4,تفكير منطقي,اجتماعي (بتحب تختلط بالناس بكثرة ),مزيج بين النظري والعملي,الاثنين معا,1,لا
8:56:46 م 2026/01/04,53,ما بدرس قاعدة بالبيت 🙂,1,1,2,5,تفكير منطقي,اجتماعي (بتحب تختلط بالناس بكثرة ),دراسة فيها عملي (تطبيق),الاثنين معا,4,لا
9:13:14 م 2026/01/04,89.9%,صيدلة,4,5,3,2,تفكير تحليلي,منطوي (ما بتحب كثير تختلط بالناس),دراسة فيها عملي (تطبيق),العمل الفردي,3,لا
9:13:36 م 2026/01/04,98,صيدلة ,4,5,2,4,تفكير منطقي,اجتماعي (بتحب تختلط بالناس بكثرة ),مزيج بين النظري والعملي,العمل الجماعي (ضمن فريق),2,نعم
9:25:15 م 2026/01/04,87.35,هندسة مدنية,5,1,3,1,تفكير تحليلي,اجتماعي (بتحب تختلط بالناس بكثرة ),مزيج بين النظري والعملي,الاثنين معا,4,لا
9:25:37 م 2026/01/04,88%,ادارة اعمال ,5,3,5,2,تفكير منطقي,اجتماعي (بتحب تختلط بالناس بكثرة ),دراسة فيها عملي (تطبيق),الاثنين معا,2,نعم
9:29:59 م 2026/01/04,86,العلاج التنفسي,5,5,1,1,تفكير تحليلي,اجتماعي (بتحب تختلط بالناس بكثرة ),مزيج بين النظري والعملي,الاثنين معا,2,نعم
9:37:26 م 2026/01/04,80,محاماة,3,5,2,3,تفكير منطقي,اجتماعي (بتحب تختلط بالناس بكثرة ),مزيج بين النظري والعملي,الاثنين معا,2,لا
9:48:31 م 2026/01/04,71.5,تربية طفل,3,1,1,4,تفكير منطقي,منطوي (ما بتحب كثير تختلط بالناس),مزيج بين النظري والعملي,الاثنين معا,3,نعم
9:55:25 م 2026/01/04,93.05,الاصلاح والوفاق الأسري الشرعي ,1,1,1,1,تفكير تحليلي,اجتماعي (بتحب تختلط بالناس بكثرة ),مزيج بين النظري والعملي,العمل الفردي,2,لا
9:56:48 م 2026/01/04,99,طب بشري,4,5,2,3,تفكير تحليلي,منطوي (ما بتحب كثير تختلط بالناس),مزيج بين النظري والعملي,الاثنين معا,1,لا
10:17:04 م 2026/01/04,70,علم حاسوب ,4,3,2,2,تفكير تحليلي,اجتماعي (بتحب تختلط بالناس بكثرة ),دراسة فيها عملي (تطبيق),الاثنين معا,2,نعم
4:45:30 ص 2026/01/05,70,علم الحاسوب و تطبيقاته ,4,3,2,1,تفكير منطقي,منطوي (ما بتحب كثير تختلط بالناس),مزيج بين النظري والعملي,العمل الفردي,3,نعم
1:25:24 م 2026/01/05,96.6,هندسة حاسوب,5,3,5,1,تفكير تحليلي,اجتماعي (بتحب تختلط بالناس بكثرة ),دراسة فيها عملي (تطبيق),العمل الجماعي (ضمن فريق),2,نعم
1:46:01 م 2026/01/05,92.2,علم البيانات و الذّكاء الاصطناعي ,3,5,1,1,تفكير تحليلي,منطوي (ما بتحب كثير تختلط بالناس),مزيج بين النظري والعملي,الاثنين معا,2,نعم
1:47:41 م 2026/01/05,84.5,علم حاسوب ,3,2,2,3,تفكير منطقي,اجتماعي (بتحب تختلط بالناس بكثرة ),دراسة فيها عملي (تطبيق),العمل الجماعي (ضمن فريق),1,لا
7:17:24 م 2026/01/05,88.85,علوم مالية ومصرفية ,3,1,4,1,تفكير منطقي,اجتماعي (بتحب تختلط بالناس بكثرة ),مزيج بين النظري والعملي,الاثنين معا,1,نعم
7:17:25 م 2026/01/05,88.85,علوم مالية ومصرفية ,3,1,4,1,تفكير منطقي,اجتماعي (بتحب تختلط بالناس بكثرة ),مزيج بين النظري والعملي,الاثنين معا,1,نعم
8:24:03 م 2026/01/05,82,هندسه مدنيه,2,3,1,1,تفكير منطقي,اجتماعي (بتحب تختلط بالناس بكثرة ),دراسة فيها عملي (تطبيق),الاثنين معا,4,نعم
8:29:33 م 2026/01/05,75,انجليزي تطبيقي ,5,4,4,3,تفكير منطقي,اجتماعي (بتحب تختلط بالناس بكثرة ),دراسة فيها عملي (تطبيق),الاثنين معا,3,نعم
8:36:35 م 2026/01/05,85.5,لغة انجليزية وادابها,1,1,1,5,تفكير منطقي,منطوي (ما بتحب كثير تختلط بالناس),مزيج بين النظري والعملي,العمل الفردي,1,لا
8:36:42 م 2026/01/05,91.3,علوم مالية و مصرفية,3,2,4,3,تفكير منطقي,اجتماعي (بتحب تختلط بالناس بكثرة ),دراسة فيها عملي (تطبيق),الاثنين معا,2,نعم
8:37:19 م 2026/01/05,71,تكنولوجيا معلومات الاعمال,3,2,4,3,تفكير منطقي,منطوي (ما بتحب كثير تختلط بالناس),مزيج بين النظري والعملي,العمل الجماعي (ضمن فريق),1,لا
8:41:39 م 2026/01/05,82,الامن السيبراني ,1,1,1,1,تفكير منطقي,منطوي (ما بتحب كثير تختلط بالناس),دراسة فيها عملي (تطبيق),العمل الفردي,2,نعم
8:46:46 م 2026/01/05,94.20,هندسة البرمجيات,2,4,3,5,تفكير تحليلي,منطوي (ما بتحب كثير تختلط بالناس),مزيج بين النظري والعملي,العمل الفردي,2,نعم
8:48:34 م 2026/01/05,96,هندسة حاسوب ,3,5,5,3,تفكير منطقي,اجتماعي (بتحب تختلط بالناس بكثرة ),دراسة فيها عملي (تطبيق),العمل الفردي,2,لا
8:48:58 م 2026/01/05,86%,هندسة مكانيكة,4,2,3,4,تفكير منطقي,اجتماعي (بتحب تختلط بالناس بكثرة ),مزيج بين النظري والعملي,الاثنين معا,1,لا
8:53:54 م 2026/01/05,82.5,هندسة مدنية ,1,4,1,4,تفكير منطقي,اجتماعي (بتحب تختلط بالناس بكثرة ),دراسة فيها عملي (تطبيق),العمل الجماعي (ضمن فريق),1,لا
8:59:48 م 2026/01/05,73.1,ادارة الطعام و الشراب,3,1,5,5,تفكير تحليلي,اجتماعي (بتحب تختلط بالناس بكثرة ),مزيج بين النظري والعملي,الاثنين معا,3,لا
9:00:51 م 2026/01/05,88.05,هندسة مدنية ,1,2,3,1,تفكير منطقي,اجتماعي (بتحب تختلط بالناس بكثرة ),مزيج بين النظري والعملي,الاثنين معا,2,لا
9:01:16 م 2026/01/05,٨٨.٩,الهندسة المدنية ,4,3,2,1,تفكير منطقي,اجتماعي (بتحب تختلط بالناس بكثرة ),مزيج بين النظري والعملي,الاثنين معا,2,لا
9:06:09 م 2026/01/05,66,انجليزي و ادابها ,1,2,4,5,تفكير تحليلي,منطوي (ما بتحب كثير تختلط بالناس),مزيج بين النظري والعملي,العمل الجماعي (ضمن فريق),4,لا
9:16:20 م 2026/01/05,70,لغة انجليزية وادابها ,3,4,1,3,تفكير منطقي,منطوي (ما بتحب كثير تختلط بالناس),مزيج بين النظري والعملي,العمل الفردي,2,نعم
9:17:12 م 2026/01/05,70,قانون,3,1,2,2,تفكير منطقي,اجتماعي (بتحب تختلط بالناس بكثرة ),دراسة فيها عملي (تطبيق),الاثنين معا,2,نعم
9:17:36 م 2026/01/05,93,هندسة مدنية,3,2,2,1,تفكير تحليلي,اجتماعي (بتحب تختلط بالناس بكثرة ),مزيج بين النظري والعملي,الاثنين معا,1,لا
9:22:46 م 2026/01/05,٧٩.٣٠,تكنولوجيا معلومات الأعمال ,5,1,2,1,تفكير منطقي,منطوي (ما بتحب كثير تختلط بالناس),مزيج بين النظري والعملي,العمل الفردي,1,لا
9:44:30 م 2026/01/05,65,علم حاسوب ,3,4,1,1,تفكير منطقي,اجتماعي (بتحب تختلط بالناس بكثرة ),مزيج بين النظري والعملي,الاثنين معا,4,لا
9:45:44 م 2026/01/05,89,هندسة مدنية ,2,4,2,2,تفكير منطقي,منطوي (ما بتحب كثير تختلط بالناس),مزيج بين النظري والعملي,العمل الجماعي (ضمن فريق),3,نعم
9:50:02 م 2026/01/05,76.4,التغذية السريرية والحميات ,1,5,2,3,تفكير تحليلي,اجتماعي (بتحب تختلط بالناس بكثرة ),دراسة فيها عملي (تطبيق),الاثنين معا,1,نعم
10:05:08 م 2026/01/05,85.9,الترجمة,3,1,1,4,تفكير تحليلي,منطوي (ما بتحب كثير تختلط بالناس),مزيج بين النظري والعملي,الاثنين معا,1,لا
10:11:07 م 2026/01/05,91.8,هندسه مدنيه ,3,3,4,3,تفكير تحليلي,اجتماعي (بتحب تختلط بالناس بكثرة ),دراسة فيها عملي (تطبيق),العمل الجماعي (ضمن فريق),4,نعم
10:18:07 م 2026/01/05,٨٥.٣٥,هندسة مدنية,3,1,5,4,تفكير منطقي,منطوي (ما بتحب كثير تختلط بالناس),مزيج بين النظري والعملي,العمل الجماعي (ضمن فريق),2,نعم
10:25:47 م 2026/01/05,٩٣.٢,هندسة مدنية ,1,1,1,1,تفكير منطقي,اجتماعي (بتحب تختلط بالناس بكثرة ),دراسة فيها عملي (تطبيق),الاثنين معا,2,لا
10:30:36 م 2026/01/05,96.15,الصيدلة,3,3,1,1,تفكير تحليلي,منطوي (ما بتحب كثير تختلط بالناس),نظري,الاثنين معا,2,لا
10:43:12 م 2026/01/05,90.40,Civil engineering ,5,2,5,2,تفكير تحليلي,اجتماعي (بتحب تختلط بالناس بكثرة ),مزيج بين النظري والعملي,الاثنين معا,2,لا
10:49:38 م 2026/01/05,92.2,هندسة مدنية,3,2,1,1,تفكير منطقي,منطوي (ما بتحب كثير تختلط بالناس),مزيج بين النظري والعملي,الاثنين معا,3,نعم
10:50:49 م 2026/01/05,92٫2,هندسة مدنية,3,2,1,3,تفكير منطقي,منطوي (ما بتحب كثير تختلط بالناس),مزيج بين النظري والعملي,الاثنين معا,3,لا
11:20:07 م 2026/01/05,93,هندسة مدنية,4,1,2,3,تفكير منطقي,منطوي (ما بتحب كثير تختلط بالناس),دراسة فيها عملي (تطبيق),العمل الفردي,3,نعم
11:20:12 م 2026/01/05,65,خريج لغة عربية ,5,1,1,5,تفكير منطقي,اجتماعي (بتحب تختلط بالناس بكثرة ),مزيج بين النظري والعملي,الاثنين معا,3,نعم
12:38:30 ص 2026/01/06,70,عربي,3,3,3,3,تفكير منطقي,اجتماعي (بتحب تختلط بالناس بكثرة ),دراسة فيها عملي (تطبيق),الاثنين معا,4,نعم
12:41:13 ص 2026/01/06,64,معلم صف ,5,5,5,5,تفكير تحليلي,اجتماعي (بتحب تختلط بالناس بكثرة ),دراسة فيها عملي (تطبيق),الاثنين معا,1,لا
12:44:22 ص 2026/01/06,61,تكميلي برفع معدل عشان ادخل جامعه ,2,3,1,1,تفكير منطقي,اجتماعي (بتحب تختلط بالناس بكثرة ),دراسة فيها عملي (تطبيق),الاثنين معا,1,نعم
12:52:18 ص 2026/01/06,85,هندسة مدنية ,3,1,1,2,تفكير تحليلي,اجتماعي (بتحب تختلط بالناس بكثرة ),مزيج بين النظري والعملي,الاثنين معا,4,لا
12:53:32 ص 2026/01/06,69,المصارف الاسلامية ,5,3,5,4,تفكير منطقي,منطوي (ما بتحب كثير تختلط بالناس),مزيج بين النظري والعملي,الاثنين معا,1,لا
12:56:48 ص 2026/01/06,77.20,كليه الادب اللغه العربيه وادابها ,5,4,3,4,تفكير تحليلي,اجتماعي (بتحب تختلط بالناس بكثرة ),نظري,العمل الجماعي (ضمن فريق),4,لا
12:56:51 ص 2026/01/06,70,الادب الأنجليزي,4,1,2,4,تفكير منطقي,اجتماعي (بتحب تختلط بالناس بكثرة ),مزيج بين النظري والعملي,العمل الجماعي (ضمن فريق),1,لا
1:03:36 ص 2026/01/06,72,مكتبات,3,3,4,2,تفكير منطقي,اجتماعي (بتحب تختلط بالناس بكثرة ),مزيج بين النظري والعملي,العمل الجماعي (ضمن فريق),3,نعم
1:35:37 ص 2026/01/06,80,ذكاء اصطناعي ,3,1,1,1,تفكير تحليلي,منطوي (ما بتحب كثير تختلط بالناس),نظري,الاثنين معا,3,نعم
2:55:39 ص 2026/01/06,79.05,تمريض,3,4,1,1,تفكير منطقي,اجتماعي (بتحب تختلط بالناس بكثرة ),مزيج بين النظري والعملي,الاثنين معا,1,لا
2:55:42 ص 2026/01/06,79.05,تمريض,3,4,1,1,تفكير منطقي,اجتماعي (بتحب تختلط بالناس بكثرة ),مزيج بين النظري والعملي,الاثنين معا,1,لا
4:53:17 ص 2026/01/06,82.2,هندسة مدنية,3,2,5,5,تفكير تحليلي,اجتماعي (بتحب تختلط بالناس بكثرة ),مزيج بين النظري والعملي,العمل الجماعي (ضمن فريق),2,نعم
6:45:52 ص 2026/01/06,91,علم الحاسوب ,4,3,4,1,تفكير تحليلي,منطوي (ما بتحب كثير تختلط بالناس),مزيج بين النظري والعملي,الاثنين معا,2,نعم
7:00:33 ص 2026/01/06,64,لغة انجليزية ,3,3,3,3,تفكير تحليلي,منطوي (ما بتحب كثير تختلط بالناس),دراسة فيها عملي (تطبيق),العمل الفردي,1,نعم
8:02:57 ص 2026/01/06,82.75,علم حاسوب,5,1,3,2,تفكير منطقي,منطوي (ما بتحب كثير تختلط بالناس),دراسة فيها عملي (تطبيق),العمل الفردي,1,لا
8:43:50 ص 2026/01/06,80.2,فنون الرسوم المتحركة,3,1,1,5,تفكير تحليلي,منطوي (ما بتحب كثير تختلط بالناس),دراسة فيها عملي (تطبيق),الاثنين معا,1,لا
8:48:08 ص 2026/01/06,72,رياضيات,3,3,4,3,تفكير تحليلي,اجتماعي (بتحب تختلط بالناس بكثرة ),مزيج بين النظري والعملي,الاثنين معا,1,لا
10:16:47 ص 2026/01/06,75,بكالوريوس تمريض,5,5,1,3,تفكير منطقي,اجتماعي (بتحب تختلط بالناس بكثرة ),دراسة فيها عملي (تطبيق),الاثنين معا,1,لا
11:42:59 ص 2026/01/06,80,تمريض,3,2,1,4,تفكير منطقي,منطوي (ما بتحب كثير تختلط بالناس),مزيج بين النظري والعملي,العمل الفردي,3,نعم
2:48:16 م 2026/01/06,79,أدب انجليزي ,1,1,3,2,تفكير تحليلي,اجتماعي (بتحب تختلط بالناس بكثرة ),مزيج بين النظري والعملي,الاثنين معا,2,نعم
3:31:21 م 2026/01/06,76,فيزياء,2,1,1,1,تفكير تحليلي,منطوي (ما بتحب كثير تختلط بالناس),مزيج بين النظري والعملي,العمل الفردي,1,لا
4:03:16 م 2026/01/06,73,علاج طبيعي ,2,5,1,1,تفكير منطقي,اجتماعي (بتحب تختلط بالناس بكثرة ),مزيج بين النظري والعملي,الاثنين معا,1,لا
4:07:36 م 2026/01/06,91,رياضيات ,2,2,2,4,تفكير منطقي,منطوي (ما بتحب كثير تختلط بالناس),نظري,العمل الفردي,1,لا
6:55:22 م 2026/01/06,87,صيدلة,5,5,3,4,تفكير منطقي,اجتماعي (بتحب تختلط بالناس بكثرة ),دراسة فيها عملي (تطبيق),الاثنين معا,2,نعم
8:15:59 م 2026/01/06,74,علم الحاسوب وتطبيقاته,3,2,2,5,تفكير منطقي,منطوي (ما بتحب كثير تختلط بالناس),مزيج بين النظري والعملي,العمل الفردي,2,نعم
9:05:07 م 2026/01/06,88.05,التصميم الجرافيكي و الوسائط المتعددة,3,1,1,3,تفكير منطقي,اجتماعي (بتحب تختلط بالناس بكثرة ),مزيج بين النظري والعملي,الاثنين معا,2,نعم
10:27:48 م 2026/01/06,71.95,تاريخ ,1,2,2,4,تفكير تحليلي,اجتماعي (بتحب تختلط بالناس بكثرة ),مزيج بين النظري والعملي,العمل الجماعي (ضمن فريق),1,لا
1:14:27 ص 2026/01/07,88.75,هندسة برمجيات ,3,1,1,2,تفكير منطقي,اجتماعي (بتحب تختلط بالناس بكثرة ),مزيج بين النظري والعملي,الاثنين معا,1,نعم
1:28:49 ص 2026/01/07,76.7,نظم معلومات ادارية mis,4,2,4,4,تفكير منطقي,اجتماعي (بتحب تختلط بالناس بكثرة ),مزيج بين النظري والعملي,الاثنين معا,2,لا
2:26:06 ص 2026/01/07,85.5,نظم معلومات حاسوبية,4,4,3,3,تفكير تحليلي,منطوي (ما بتحب كثير تختلط بالناس),مزيج بين النظري والعملي,الاثنين معا,2,لا
2:30:18 ص 2026/01/07,75,نظم معلومات حاسوبية,3,4,1,1,تفكير منطقي,اجتماعي (بتحب تختلط بالناس بكثرة ),دراسة فيها عملي (تطبيق),الاثنين معا,4,نعم
2:38:11 ص 2026/01/07,73.65,نظم معلومات صحية,4,3,1,2,تفكير تحليلي,اجتماعي (بتحب تختلط بالناس بكثرة ),دراسة فيها عملي (تطبيق),الاثنين معا,1,لا
2:40:55 ص 2026/01/07,70,أمن سيبراني ,5,2,1,3,تفكير منطقي,منطوي (ما بتحب كثير تختلط بالناس),مزيج بين النظري والعملي,الاثنين معا,1,لا
5:25:18 ص 2026/01/07,3,ذكاء اصطناعي,5,4,1,3,تفكير منطقي,اجتماعي (بتحب تختلط بالناس بكثرة ),دراسة فيها عملي (تطبيق),العمل الجماعي (ضمن فريق),4,نعم
12:37:16 م 2026/01/07,88,التكنولوجيا الرقمية في صناعة الاسنان ,3,5,2,3,تفكير تحليلي,منطوي (ما بتحب كثير تختلط بالناس),دراسة فيها عملي (تطبيق),الاثنين معا,2,لا
1:51:08 م 2026/01/07,85,العلاج الطبيعي ,3,5,3,2,تفكير منطقي,اجتماعي (بتحب تختلط بالناس بكثرة ),دراسة فيها عملي (تطبيق),العمل الجماعي (ضمن فريق),1,لا
1:57:38 م 2026/01/07,87.5,الهندسة المدنية,1,5,1,1,تفكير تحليلي,اجتماعي (بتحب تختلط بالناس بكثرة ),دراسة فيها عملي (تطبيق),العمل الفردي,1,نعم
1:58:06 م 2026/01/07,85٫4,ذكاء اعمال,5,2,3,2,تفكير تحليلي,اجتماعي (بتحب تختلط بالناس بكثرة ),مزيج بين النظري والعملي,العمل الفردي,4,لا
2:16:31 م 2026/01/07,1.75,صيدلية ,4,5,3,3,تفكير منطقي,اجتماعي (بتحب تختلط بالناس بكثرة ),مزيج بين النظري والعملي,العمل الجماعي (ضمن فريق),1,لا
3:08:07 م 2026/01/07,71,تقنيات صناعه الاسنان ,4,5,2,4,تفكير منطقي,اجتماعي (بتحب تختلط بالناس بكثرة ),نظري,العمل الجماعي (ضمن فريق),4,لا
3:12:01 م 2026/01/07,80,تقنيات صناعة أسنان ,3,5,5,4,تفكير منطقي,اجتماعي (بتحب تختلط بالناس بكثرة ),مزيج بين النظري والعملي,العمل الجماعي (ضمن فريق),1,لا
3:16:26 م 2026/01/07,100,طب اسنان,4,5,3,3,تفكير تحليلي,اجتماعي (بتحب تختلط بالناس بكثرة ),دراسة فيها عملي (تطبيق),الاثنين معا,1,لا
3:20:15 م 2026/01/07,6807,تقنيات لوجستية و سلاسل الامداد ,2,1,3,1,تفكير منطقي,اجتماعي (بتحب تختلط بالناس بكثرة ),دراسة فيها عملي (تطبيق),الاثنين معا,2,لا
3:21:53 م 2026/01/07,97,صيني إنجليزيتي ,4,1,3,1,تفكير منطقي,منطوي (ما بتحب كثير تختلط بالناس),مزيج بين النظري والعملي,الاثنين معا,1,لا
3:23:57 م 2026/01/07,70,تكنلوجبا. البرمجيات ,3,3,3,2,تفكير تحليلي,اجتماعي (بتحب تختلط بالناس بكثرة ),مزيج بين النظري والعملي,الاثنين معا,4,لا
3:36:04 م 2026/01/07,75,فنيه اسنان ,2,5,4,5,تفكير منطقي,منطوي (ما بتحب كثير تختلط بالناس),مزيج بين النظري والعملي,الاثنين معا,1,نعم
3:39:40 م 2026/01/07,70,التقنيات اللوجستية و سلاسل الإمداد ,4,3,5,4,تفكير تحليلي,اجتماعي (بتحب تختلط بالناس بكثرة ),مزيج بين النظري والعملي,الاثنين معا,4,لا
3:52:27 م 2026/01/07,96.1,طب بشري,5,5,1,3,تفكير تحليلي,منطوي (ما بتحب كثير تختلط بالناس),دراسة فيها عملي (تطبيق),العمل الفردي,2,لا
4:06:22 م 2026/01/07,٨٥.٥,تصميم وسائط رقمية ,4,1,3,5,تفكير منطقي,اجتماعي (بتحب تختلط بالناس بكثرة ),دراسة فيها عملي (تطبيق),الاثنين معا,1,لا
4:25:34 م 2026/01/07,70,الاقتصاد المنزلي,3,3,3,3,تفكير منطقي,اجتماعي (بتحب تختلط بالناس بكثرة ),مزيج بين النظري والعملي,الاثنين معا,1,نعم
5:32:04 م 2026/01/07,75,تقنيات صناعة الآسنان ,4,5,2,5,تفكير تحليلي,اجتماعي (بتحب تختلط بالناس بكثرة ),دراسة فيها عملي (تطبيق),الاثنين معا,1,لا
5:40:52 م 2026/01/07,91,صيدلة,3,5,1,3,تفكير تحليلي,اجتماعي (بتحب تختلط بالناس بكثرة ),دراسة فيها عملي (تطبيق),الاثنين معا,4,نعم
5:54:45 م 2026/01/07,98,طاقة متجددة,5,3,1,4,تفكير تحليلي,منطوي (ما بتحب كثير تختلط بالناس),مزيج بين النظري والعملي,العمل الفردي,1,لا
5:55:43 م 2026/01/07,85,علوم الحركة والتدريب الرياضي ,3,4,2,2,تفكير منطقي,اجتماعي (بتحب تختلط بالناس بكثرة ),مزيج بين النظري والعملي,الاثنين معا,1,لا
6:06:06 م 2026/01/07,87.5,علاج الوظيفي ,3,4,2,4,تفكير منطقي,اجتماعي (بتحب تختلط بالناس بكثرة ),مزيج بين النظري والعملي,الاثنين معا,3,لا
6:08:45 م 2026/01/07,89,تكنولوجيا طائرات مسيرة ,5,1,1,3,تفكير تحليلي,منطوي (ما بتحب كثير تختلط بالناس),مزيج بين النظري والعملي,الاثنين معا,1,لا
6:52:32 م 2026/01/07,96,computer engineering ,4,2,3,2,تفكير منطقي,اجتماعي (بتحب تختلط بالناس بكثرة ),دراسة فيها عملي (تطبيق),العمل الجماعي (ضمن فريق),3,لا
6:54:03 م 2026/01/07,99.15,الطب البشري,1,5,4,1,تفكير منطقي,منطوي (ما بتحب كثير تختلط بالناس),مزيج بين النظري والعملي,العمل الفردي,1,لا
7:30:50 م 2026/01/07,87.5,كيمياء صناعية ,5,5,5,3,تفكير تحليلي,اجتماعي (بتحب تختلط بالناس بكثرة ),دراسة فيها عملي (تطبيق),الاثنين معا,1,نعم
7:39:31 م 2026/01/07,81,تقنيات صناعة الاسنان,5,5,3,5,تفكير منطقي,اجتماعي (بتحب تختلط بالناس بكثرة ),نظري,الاثنين معا,1,نعم
7:45:15 م 2026/01/07,75٫3,تقنيات صناعة اسنان,5,5,2,3,تفكير منطقي,اجتماعي (بتحب تختلط بالناس بكثرة ),مزيج بين النظري والعملي,الاثنين معا,4,لا
7:51:21 م 2026/01/07,92.45,الهندسة المدنية,3,2,4,4,تفكير تحليلي,منطوي (ما بتحب كثير تختلط بالناس),مزيج بين النظري والعملي,العمل الفردي,2,نعم
8:07:36 م 2026/01/07,75,تقنيات صناعة الاسنان ,3,5,3,3,تفكير منطقي,اجتماعي (بتحب تختلط بالناس بكثرة ),مزيج بين النظري والعملي,الاثنين معا,1,نعم
9:02:59 م 2026/01/07,97.15,الطب والجراحة البيطرية,2,5,1,2,تفكير منطقي,اجتماعي (بتحب تختلط بالناس بكثرة ),دراسة فيها عملي (تطبيق),الاثنين معا,2,لا
9:30:14 م 2026/01/07,88.8,هندسة مدنية,3,2,2,3,تفكير تحليلي,اجتماعي (بتحب تختلط بالناس بكثرة ),دراسة فيها عملي (تطبيق),الاثنين معا,1,لا
9:58:31 م 2026/01/07,84,ترجمة,4,1,4,3,تفكير منطقي,اجتماعي (بتحب تختلط بالناس بكثرة ),مزيج بين النظري والعملي,العمل الفردي,1,لا
10:26:53 م 2026/01/07,82,تصنيع مستحضرات  كيماوية و تجميلية,3,4,1,3,تفكير منطقي,اجتماعي (بتحب تختلط بالناس بكثرة ),مزيج بين النظري والعملي,العمل الفردي,1,لا
10:42:46 م 2026/01/07,98,طب أسنان ,4,4,2,1,تفكير منطقي,منطوي (ما بتحب كثير تختلط بالناس),مزيج بين النظري والعملي,العمل الفردي,2,لا
11:11:53 م 2026/01/07,91.95,هندسة مدنية ,4,1,3,1,تفكير تحليلي,اجتماعي (بتحب تختلط بالناس بكثرة ),دراسة فيها عملي (تطبيق),الاثنين معا,2,نعم
1:26:55 ص 2026/01/08,88.1,هندسة مدنية,3,1,5,5,تفكير منطقي,منطوي (ما بتحب كثير تختلط بالناس),مزيج بين النظري والعملي,العمل الفردي,3,نعم
7:50:32 ص 2026/01/08,94,تأهيل,3,5,1,1,تفكير منطقي,منطوي (ما بتحب كثير تختلط بالناس),مزيج بين النظري والعملي,الاثنين معا,2,نعم
4:57:16 م 2026/01/08,80,تكنولوجيا معلومات الاعمال,4,5,3,2,تفكير منطقي,اجتماعي (بتحب تختلط بالناس بكثرة ),مزيج بين النظري والعملي,العمل الفردي,1,لا
7:46:49 م 2026/01/08,89.3,الامن السيبراني ,4,1,1,1,تفكير منطقي,منطوي (ما بتحب كثير تختلط بالناس),مزيج بين النظري والعملي,العمل الفردي,3,لا
10:30:30 ص 2026/01/09,79.9,هندسة طاقه متجدده ,3,1,2,1,تفكير تحليلي,منطوي (ما بتحب كثير تختلط بالناس),دراسة فيها عملي (تطبيق),العمل الفردي,1,لا
3:37:06 م 2026/01/09,70,انجليزي ,3,5,2,1,تفكير تحليلي,منطوي (ما بتحب كثير تختلط بالناس),مزيج بين النظري والعملي,الاثنين معا,2,نعم
11:36:53 ص 2026/01/10,93.7 ,Industrial Engineering/ الهندسة الصناعية ,5,3,5,5,تفكير منطقي,منطوي (ما بتحب كثير تختلط بالناس),مزيج بين النظري والعملي,العمل الفردي,1,لا
12:45:10 م 2026/01/10,77.5,نظم معلومات حاسوبية,3,1,2,3,تفكير منطقي,منطوي (ما بتحب كثير تختلط بالناس),مزيج بين النظري والعملي,الاثنين معا,2,لا
11:08:09 م 2026/01/11,82,فني اسنان,2,2,1,4,تفكير تحليلي,اجتماعي (بتحب تختلط بالناس بكثرة ),مزيج بين النظري والعملي,العمل الجماعي (ضمن فريق),2,نعم
1:35:01 م 2026/01/16,75.6,تكنلوجيا معلومات أعمال,3,1,4,3,تفكير تحليلي,اجتماعي (بتحب تختلط بالناس بكثرة ),مزيج بين النظري والعملي,العمل الجماعي (ضمن فريق),3,لا
1:44:40 م 2026/01/16,79,Computer science ,3,1,2,2,تفكير منطقي,اجتماعي (بتحب تختلط بالناس بكثرة ),مزيج بين النظري والعملي,الاثنين معا,2,نعم
2:04:27 م 2026/01/16,80,الذكاء الاصطناعي,5,4,1,1,تفكير منطقي,اجتماعي (بتحب تختلط بالناس بكثرة ),دراسة فيها عملي (تطبيق),الاثنين معا,1,لا
2:14:28 م 2026/01/16,98.7,علم الحاسوب وتطبيقاته,5,5,4,5,تفكير تحليلي,اجتماعي (بتحب تختلط بالناس بكثرة ),مزيج بين النظري والعملي,الاثنين معا,1,لا
2:31:05 م 2026/01/16,76.6,جيولوجيا ,3,1,1,5,تفكير منطقي,اجتماعي (بتحب تختلط بالناس بكثرة ),دراسة فيها عملي (تطبيق),الاثنين معا,1,نعم
8:54:58 م 2026/01/16,80,تمريض,4,5,2,3,تفكير منطقي,اجتماعي (بتحب تختلط بالناس بكثرة ),دراسة فيها عملي (تطبيق),الاثنين معا,1,لا
1:21:05 م 2026/01/19,94.25,دراسات ثقافية باللغة الإنجليزية ,3,5,1,5,تفكير منطقي,اجتماعي (بتحب تختلط بالناس بكثرة ),دراسة فيها عملي (تطبيق),الاثنين معا,3,نعم
3:53:58 ص 2026/01/24,94.2,علم البيانات والذكاء الاصطناعي,4,2,1,1,تفكير منطقي,منطوي (ما بتحب كثير تختلط بالناس),مزيج بين النظري والعملي,الاثنين معا,1,لا